{"clean": 0.11099999999999999, "corruptions": {"blur": {"defocus_blur": {"1": 0.11660000000000004, "2": 0.14490000000000003, "3": 0.21409999999999996, "4": 0.3228, "5": 0.525}, "glass_blur": {"1": 0.6633, "2": 0.6389, "3": 0.5408999999999999, "4": 0.736, "5": 0.6864}, "motion_blur": {"1": 0.17200000000000004, "2": 0.277, "3": 0.3843, "4": 0.38660000000000005, "5": 0.48319999999999996}, "zoom_blur": {"1": 0.21309999999999996, "2": 0.2501, "3": 0.3114, "4": 0.3722, "5": 0.45630000000000004}}, "digital": {"contrast": {"1": 0.119, "2": 0.17049999999999998, "3": 0.23319999999999996, "4": 0.35860000000000003, "5": 0.7026}, "elastic_transform": {"1": 0.18710000000000004, "2": 0.18820000000000003, "3": 0.24519999999999997, "4": 0.31789999999999996, "5": 0.3718}, "jpeg_compression": {"1": 0.24650000000000005, "2": 0.32089999999999996, "3": 0.34940000000000004, "4": 0.3808, "5": 0.4192}, "pixelate": {"1": 0.21140000000000003, "2": 0.39239999999999997, "3": 0.4697, "4": 0.644, "5": 0.7396}}, "noise": {"gaussian_noise": {"1": 0.7029000000000001, "2": 0.8318, "3": 0.869, "4": 0.881, "5": 0.8842}, "impulse_noise": {"1": 0.376, "2": 0.525, "3": 0.6031, "4": 0.7030000000000001, "5": 0.7861}, "shot_noise": {"1": 0.5307, "2": 0.6852, "3": 0.8271, "4": 0.8539, "5": 0.8773}}, "weather": {"brightness": {"1": 0.11270000000000002, "2": 0.11870000000000003, "3": 0.12749999999999995, "4": 0.1431, "5": 0.18030000000000002}, "fog": {"1": 0.11619999999999997, "2": 0.14180000000000004, "3": 0.18079999999999996, "4": 0.25229999999999997, "5": 0.44930000000000003}, "frost": {"1": 0.16449999999999998, "2": 0.2158, "3": 0.2975, "4": 0.30920000000000003, "5": 0.40590000000000004}, "snow": {"1": 0.15659999999999996, "2": 0.248, "3": 0.22929999999999995, "4": 0.2771, "5": 0.32289999999999996}}}}