{"clean": 0.09650000000000003, "corruptions": {"blur": {"defocus_blur": {"1": 0.10019999999999996, "2": 0.12450000000000006, "3": 0.18400000000000005, "4": 0.2783, "5": 0.48160000000000003}, "glass_blur": {"1": 0.6081, "2": 0.598, "3": 0.5055000000000001, "4": 0.7307, "5": 0.6765}, "motion_blur": {"1": 0.15539999999999998, "2": 0.24450000000000005, "3": 0.3488, "4": 0.351, "5": 0.4357}, "zoom_blur": {"1": 0.18989999999999996, "2": 0.22130000000000005, "3": 0.27349999999999997, "4": 0.3338, "5": 0.4164}}, "digital": {"contrast": {"1": 0.1078, "2": 0.16410000000000002, "3": 0.2358, "4": 0.384, "5": 0.7845}, "elastic_transform": {"1": 0.16459999999999997, "2": 0.16720000000000002, "3": 0.21660000000000001, "4": 0.30069999999999997, "5": 0.3627}, "jpeg_compression": {"1": 0.20330000000000004, "2": 0.26359999999999995, "3": 0.28580000000000005, "4": 0.31679999999999997, "5": 0.3526}, "pixelate": {"1": 0.133, "2": 0.2005, "3": 0.2539, "4": 0.43000000000000005, "5": 0.6765}}, "noise": {"gaussian_noise": {"1": 0.6476, "2": 0.8095, "3": 0.8578, "4": 0.8673, "5": 0.8714999999999999}, "impulse_noise": {"1": 0.2681, "2": 0.37, "3": 0.4629, "4": 0.6536, "5": 0.7813}, "shot_noise": {"1": 0.4821, "2": 0.6372, "3": 0.7973, "4": 0.8269, "5": 0.8524}}, "weather": {"brightness": {"1": 0.09830000000000005, "2": 0.10319999999999996, "3": 0.10909999999999997, "4": 0.12239999999999995, "5": 0.1633}, "fog": {"1": 0.10429999999999995, "2": 0.12739999999999996, "3": 0.16510000000000002, "4": 0.22019999999999995, "5": 0.4084}, "frost": {"1": 0.14059999999999995, "2": 0.19210000000000005, "3": 0.2774, "4": 0.2902, "5": 0.39270000000000005}, "snow": {"1": 0.1411, "2": 0.21740000000000004, "3": 0.2087, "4": 0.2501, "5": 0.2882}}}}