{"clean": 0.10240000000000005, "corruptions": {"blur": {"defocus_blur": {"1": 0.11160000000000003, "2": 0.14939999999999998, "3": 0.2267, "4": 0.32609999999999995, "5": 0.5315}, "glass_blur": {"1": 0.6502, "2": 0.6279, "3": 0.4978, "4": 0.7387, "5": 0.6861999999999999}, "motion_blur": {"1": 0.16920000000000002, "2": 0.264, "3": 0.36839999999999995, "4": 0.3711, "5": 0.4696}, "zoom_blur": {"1": 0.20809999999999995, "2": 0.24350000000000005, "3": 0.30779999999999996, "4": 0.37350000000000005, "5": 0.46619999999999995}}, "digital": {"contrast": {"1": 0.11050000000000004, "2": 0.14680000000000004, "3": 0.19889999999999997, "4": 0.30679999999999996, "5": 0.6664}, "elastic_transform": {"1": 0.18579999999999997, "2": 0.19710000000000005, "3": 0.2538, "4": 0.3137, "5": 0.3601}, "jpeg_compression": {"1": 0.25529999999999997, "2": 0.33999999999999997, "3": 0.37739999999999996, "4": 0.4052, "5": 0.44079999999999997}, "pixelate": {"1": 0.2097, "2": 0.38939999999999997, "3": 0.4557, "4": 0.6355999999999999, "5": 0.8242}}, "noise": {"gaussian_noise": {"1": 0.5521, "2": 0.7507, "3": 0.8241, "4": 0.8375, "5": 0.8432}, "impulse_noise": {"1": 0.32430000000000003, "2": 0.4457, "3": 0.5287, "4": 0.6855, "5": 0.7892}, "shot_noise": {"1": 0.4112, "2": 0.5472, "3": 0.7494000000000001, "4": 0.7898000000000001, "5": 0.8321000000000001}}, "weather": {"brightness": {"1": 0.10640000000000005, "2": 0.11450000000000005, "3": 0.12209999999999999, "4": 0.132, "5": 0.16579999999999995}, "fog": {"1": 0.11160000000000003, "2": 0.1321, "3": 0.1632, "4": 0.21960000000000002, "5": 0.4093}, "frost": {"1": 0.14680000000000004, "2": 0.1955, "3": 0.2673, "4": 0.27680000000000005, "5": 0.36850000000000005}, "snow": {"1": 0.14439999999999997, "2": 0.21919999999999995, "3": 0.20550000000000002, "4": 0.24919999999999998, "5": 0.28600000000000003}}}}