{"clean": 0.09350000000000003, "corruptions": {"blur": {"defocus_blur": {"1": 0.09930000000000005, "2": 0.12770000000000004, "3": 0.19630000000000003, "4": 0.2956, "5": 0.5123}, "glass_blur": {"1": 0.5905, "2": 0.5734, "3": 0.496, "4": 0.7062999999999999, "5": 0.6632}, "motion_blur": {"1": 0.15469999999999995, "2": 0.24260000000000004, "3": 0.3439, "4": 0.3378, "5": 0.45009999999999994}, "zoom_blur": {"1": 0.19230000000000003, "2": 0.22909999999999997, "3": 0.2872, "4": 0.35329999999999995, "5": 0.4426}}, "digital": {"contrast": {"1": 0.10419999999999996, "2": 0.16710000000000003, "3": 0.24329999999999996, "4": 0.386, "5": 0.7948}, "elastic_transform": {"1": 0.16959999999999997, "2": 0.16959999999999997, "3": 0.22340000000000004, "4": 0.3045, "5": 0.35629999999999995}, "jpeg_compression": {"1": 0.20750000000000002, "2": 0.2641, "3": 0.2894, "4": 0.3206, "5": 0.35950000000000004}, "pixelate": {"1": 0.13959999999999995, "2": 0.2298, "3": 0.29790000000000005, "4": 0.5105, "5": 0.6912}}, "noise": {"gaussian_noise": {"1": 0.5684, "2": 0.7488, "3": 0.8186, "4": 0.8382000000000001, "5": 0.8508}, "impulse_noise": {"1": 0.2893, "2": 0.40469999999999995, "3": 0.4887, "4": 0.6447, "5": 0.7709}, "shot_noise": {"1": 0.42889999999999995, "2": 0.5701, "3": 0.7672, "4": 0.7977, "5": 0.8363}}, "weather": {"brightness": {"1": 0.09250000000000003, "2": 0.09750000000000003, "3": 0.10950000000000004, "4": 0.11839999999999995, "5": 0.15369999999999995}, "fog": {"1": 0.09989999999999999, "2": 0.12460000000000004, "3": 0.16620000000000001, "4": 0.23440000000000005, "5": 0.45099999999999996}, "frost": {"1": 0.14139999999999997, "2": 0.19589999999999996, "3": 0.28779999999999994, "4": 0.30400000000000005, "5": 0.42290000000000005}, "snow": {"1": 0.1493, "2": 0.2419, "3": 0.22460000000000002, "4": 0.2611, "5": 0.3073}}}}