{"clean": 0.11560000000000004, "corruptions": {"blur": {"defocus_blur": {"1": 0.12719999999999998, "2": 0.16569999999999996, "3": 0.24150000000000005, "4": 0.34040000000000004, "5": 0.5488}, "glass_blur": {"1": 0.6314, "2": 0.6171, "3": 0.5105, "4": 0.7296, "5": 0.6754}, "motion_blur": {"1": 0.1996, "2": 0.30300000000000005, "3": 0.4193, "4": 0.4236, "5": 0.5126999999999999}, "zoom_blur": {"1": 0.23619999999999997, "2": 0.2744, "3": 0.3316, "4": 0.39080000000000004, "5": 0.47609999999999997}}, "digital": {"contrast": {"1": 0.13739999999999997, "2": 0.21719999999999995, "3": 0.3012, "4": 0.4524, "5": 0.7554}, "elastic_transform": {"1": 0.20999999999999996, "2": 0.21750000000000003, "3": 0.273, "4": 0.33220000000000005, "5": 0.3536}, "jpeg_compression": {"1": 0.2613, "2": 0.3349, "3": 0.36360000000000003, "4": 0.39659999999999995, "5": 0.4335}, "pixelate": {"1": 0.2158, "2": 0.35409999999999997, "3": 0.44720000000000004, "4": 0.6268, "5": 0.7336}}, "noise": {"gaussian_noise": {"1": 0.6137, "2": 0.7911, "3": 0.8426, "4": 0.8539, "5": 0.8602}, "impulse_noise": {"1": 0.3347, "2": 0.46340000000000003, "3": 0.5332, "4": 0.6920999999999999, "5": 0.8129}, "shot_noise": {"1": 0.4276, "2": 0.5938, "3": 0.786, "4": 0.8165, "5": 0.8476}}, "weather": {"brightness": {"1": 0.11709999999999998, "2": 0.12190000000000001, "3": 0.13119999999999998, "4": 0.14959999999999996, "5": 0.18589999999999995}, "fog": {"1": 0.13080000000000003, "2": 0.1684, "3": 0.21789999999999998, "4": 0.2895, "5": 0.46099999999999997}, "frost": {"1": 0.16110000000000002, "2": 0.21450000000000002, "3": 0.2942, "4": 0.31110000000000004, "5": 0.4001}, "snow": {"1": 0.17190000000000005, "2": 0.2542, "3": 0.2509, "4": 0.2923, "5": 0.3237}}}}