{"clean": 0.09860000000000002, "corruptions": {"blur": {"defocus_blur": {"1": 0.10329999999999995, "2": 0.1461, "3": 0.22609999999999997, "4": 0.3378, "5": 0.5605}, "glass_blur": {"1": 0.6247, "2": 0.5978, "3": 0.47740000000000005, "4": 0.7328, "5": 0.6667000000000001}, "motion_blur": {"1": 0.17279999999999995, "2": 0.28169999999999995, "3": 0.3952, "4": 0.39149999999999996, "5": 0.49039999999999995}, "zoom_blur": {"1": 0.21830000000000005, "2": 0.2552, "3": 0.3276, "4": 0.3941, "5": 0.48829999999999996}}, "digital": {"contrast": {"1": 0.10509999999999997, "2": 0.16379999999999995, "3": 0.2378, "4": 0.37039999999999995, "5": 0.7223999999999999}, "elastic_transform": {"1": 0.18259999999999998, "2": 0.1884, "3": 0.2551, "4": 0.34230000000000005, "5": 0.39239999999999997}, "jpeg_compression": {"1": 0.23309999999999997, "2": 0.30810000000000004, "3": 0.33830000000000005, "4": 0.36760000000000004, "5": 0.40669999999999995}, "pixelate": {"1": 0.1895, "2": 0.3496, "3": 0.42589999999999995, "4": 0.6405000000000001, "5": 0.8027}}, "noise": {"gaussian_noise": {"1": 0.5496, "2": 0.7652, "3": 0.8418, "4": 0.8532, "5": 0.8584}, "impulse_noise": {"1": 0.3307, "2": 0.44399999999999995, "3": 0.5448, "4": 0.7224999999999999, "5": 0.8248}, "shot_noise": {"1": 0.393, "2": 0.5418000000000001, "3": 0.7639, "4": 0.802, "5": 0.8406}}, "weather": {"brightness": {"1": 0.09740000000000004, "2": 0.1049, "3": 0.10809999999999997, "4": 0.12190000000000001, "5": 0.15510000000000002}, "fog": {"1": 0.10060000000000002, "2": 0.13270000000000004, "3": 0.17779999999999996, "4": 0.24670000000000003, "5": 0.46319999999999995}, "frost": {"1": 0.13790000000000002, "2": 0.1835, "3": 0.2569, "4": 0.26990000000000003, "5": 0.36329999999999996}, "snow": {"1": 0.13219999999999998, "2": 0.20140000000000002, "3": 0.1935, "4": 0.23150000000000004, "5": 0.27259999999999995}}}}