{"clean": 0.2046, "corruptions": {"blur": {"defocus_blur": {"1": 0.22550000000000003, "2": 0.2822, "3": 0.37939999999999996, "4": 0.47850000000000004, "5": 0.6393}, "glass_blur": {"1": 0.7182999999999999, "2": 0.7152000000000001, "3": 0.6332, "4": 0.8019000000000001, "5": 0.7543}, "motion_blur": {"1": 0.33499999999999996, "2": 0.4647, "3": 0.5569999999999999, "4": 0.5615, "5": 0.6311}, "zoom_blur": {"1": 0.37270000000000003, "2": 0.4161, "3": 0.46740000000000004, "4": 0.5191, "5": 0.5832999999999999}}, "digital": {"contrast": {"1": 0.27549999999999997, "2": 0.4738, "3": 0.6028, "4": 0.7482, "5": 0.8594999999999999}, "elastic_transform": {"1": 0.3506, "2": 0.349, "3": 0.4295, "4": 0.5318, "5": 0.5884}, "jpeg_compression": {"1": 0.35840000000000005, "2": 0.40790000000000004, "3": 0.42390000000000005, "4": 0.45009999999999994, "5": 0.4837}, "pixelate": {"1": 0.26370000000000005, "2": 0.37170000000000003, "3": 0.4243, "4": 0.6432, "5": 0.8454}}, "noise": {"gaussian_noise": {"1": 0.5767, "2": 0.7635000000000001, "3": 0.8364, "4": 0.8536, "5": 0.8636}, "impulse_noise": {"1": 0.36129999999999995, "2": 0.45799999999999996, "3": 0.5609, "4": 0.7342, "5": 0.8244}, "shot_noise": {"1": 0.4535, "2": 0.5796, "3": 0.7545, "4": 0.7979, "5": 0.839}}, "weather": {"brightness": {"1": 0.2015, "2": 0.2006, "3": 0.2077, "4": 0.22009999999999996, "5": 0.26670000000000005}, "fog": {"1": 0.2538, "2": 0.35929999999999995, "3": 0.4575, "4": 0.5624, "5": 0.7424}, "frost": {"1": 0.24350000000000005, "2": 0.2962, "3": 0.38239999999999996, "4": 0.3964, "5": 0.48829999999999996}, "snow": {"1": 0.24029999999999996, "2": 0.31720000000000004, "3": 0.3125, "4": 0.35509999999999997, "5": 0.389}}}}