{"clean": 0.12219999999999998, "corruptions": {"blur": {"defocus_blur": {"1": 0.1301, "2": 0.1643, "3": 0.22899999999999998, "4": 0.3125, "5": 0.5002}, "glass_blur": {"1": 0.638, "2": 0.6225, "3": 0.5258, "4": 0.7542, "5": 0.6872}, "motion_blur": {"1": 0.18710000000000004, "2": 0.27459999999999996, "3": 0.37649999999999995, "4": 0.37849999999999995, "5": 0.4851}, "zoom_blur": {"1": 0.23040000000000005, "2": 0.263, "3": 0.31910000000000005, "4": 0.37450000000000006, "5": 0.45630000000000004}}, "digital": {"contrast": {"1": 0.13929999999999998, "2": 0.24450000000000005, "3": 0.359, "4": 0.5624, "5": 0.8833}, "elastic_transform": {"1": 0.21020000000000005, "2": 0.21309999999999996, "3": 0.2619, "4": 0.3155, "5": 0.37050000000000005}, "jpeg_compression": {"1": 0.24439999999999995, "2": 0.31220000000000003, "3": 0.3388, "4": 0.3658, "5": 0.4033}, "pixelate": {"1": 0.2077, "2": 0.34330000000000005, "3": 0.4054, "4": 0.5944, "5": 0.7407}}, "noise": {"gaussian_noise": {"1": 0.5619000000000001, "2": 0.7942, "3": 0.8568, "4": 0.8711, "5": 0.8732}, "impulse_noise": {"1": 0.35829999999999995, "2": 0.45520000000000005, "3": 0.5338, "4": 0.7030000000000001, "5": 0.8255}, "shot_noise": {"1": 0.371, "2": 0.5639000000000001, "3": 0.8087, "4": 0.8348, "5": 0.8659}}, "weather": {"brightness": {"1": 0.12339999999999995, "2": 0.12890000000000001, "3": 0.13929999999999998, "4": 0.15059999999999996, "5": 0.1946}, "fog": {"1": 0.13360000000000005, "2": 0.1754, "3": 0.22760000000000002, "4": 0.29990000000000006, "5": 0.4927}, "frost": {"1": 0.16659999999999997, "2": 0.21540000000000004, "3": 0.30479999999999996, "4": 0.32199999999999995, "5": 0.4343}, "snow": {"1": 0.18969999999999998, "2": 0.26949999999999996, "3": 0.2631, "4": 0.30089999999999995, "5": 0.33030000000000004}}}}