{"clean": 0.14039999999999997, "corruptions": {"blur": {"defocus_blur": {"1": 0.15410000000000001, "2": 0.2106, "3": 0.30989999999999995, "4": 0.4213, "5": 0.6165}, "glass_blur": {"1": 0.6484, "2": 0.6281, "3": 0.5487, "4": 0.74, "5": 0.6876}, "motion_blur": {"1": 0.244, "2": 0.37539999999999996, "3": 0.49529999999999996, "4": 0.49039999999999995, "5": 0.5828}, "zoom_blur": {"1": 0.2982, "2": 0.34530000000000005, "3": 0.4141, "4": 0.47519999999999996, "5": 0.5466}}, "digital": {"contrast": {"1": 0.16900000000000004, "2": 0.2972, "3": 0.4105, "4": 0.5835, "5": 0.8043}, "elastic_transform": {"1": 0.25260000000000005, "2": 0.26370000000000005, "3": 0.33630000000000004, "4": 0.41069999999999995, "5": 0.4514}, "jpeg_compression": {"1": 0.30010000000000003, "2": 0.38549999999999995, "3": 0.40049999999999997, "4": 0.43379999999999996, "5": 0.469}, "pixelate": {"1": 0.22260000000000002, "2": 0.38770000000000004, "3": 0.46030000000000004, "4": 0.6229, "5": 0.7977}}, "noise": {"gaussian_noise": {"1": 0.6311, "2": 0.8113, "3": 0.8653, "4": 0.8827, "5": 0.8865}, "impulse_noise": {"1": 0.40290000000000004, "2": 0.5283, "3": 0.5971, "4": 0.6778, "5": 0.7759}, "shot_noise": {"1": 0.45640000000000003, "2": 0.6241, "3": 0.8037, "4": 0.839, "5": 0.8744000000000001}}, "weather": {"brightness": {"1": 0.13890000000000002, "2": 0.139, "3": 0.14629999999999999, "4": 0.15600000000000003, "5": 0.19699999999999995}, "fog": {"1": 0.1542, "2": 0.21540000000000004, "3": 0.2925, "4": 0.39080000000000004, "5": 0.6066}, "frost": {"1": 0.1764, "2": 0.22330000000000005, "3": 0.29979999999999996, "4": 0.3153, "5": 0.41869999999999996}, "snow": {"1": 0.17900000000000005, "2": 0.25529999999999997, "3": 0.24880000000000002, "4": 0.29479999999999995, "5": 0.3386}}}}