{"clean": 0.10399999999999998, "corruptions": {"blur": {"defocus_blur": {"1": 0.11339999999999995, "2": 0.1602, "3": 0.24980000000000002, "4": 0.3688, "5": 0.5845}, "glass_blur": {"1": 0.6423, "2": 0.61, "3": 0.49870000000000003, "4": 0.7403, "5": 0.6697}, "motion_blur": {"1": 0.19179999999999997, "2": 0.30789999999999995, "3": 0.4306, "4": 0.4272, "5": 0.5233}, "zoom_blur": {"1": 0.24550000000000005, "2": 0.28600000000000003, "3": 0.354, "4": 0.4194, "5": 0.5013000000000001}}, "digital": {"contrast": {"1": 0.11770000000000003, "2": 0.1955, "3": 0.28680000000000005, "4": 0.45920000000000005, "5": 0.7958000000000001}, "elastic_transform": {"1": 0.1945, "2": 0.20479999999999998, "3": 0.2743, "4": 0.3591, "5": 0.4023}, "jpeg_compression": {"1": 0.2358, "2": 0.3097, "3": 0.3356, "4": 0.3668, "5": 0.4074}, "pixelate": {"1": 0.18020000000000003, "2": 0.32930000000000004, "3": 0.40180000000000005, "4": 0.6044, "5": 0.7581}}, "noise": {"gaussian_noise": {"1": 0.6624, "2": 0.8190999999999999, "3": 0.8684000000000001, "4": 0.8798, "5": 0.8867}, "impulse_noise": {"1": 0.3255, "2": 0.4706, "3": 0.5546, "4": 0.6742, "5": 0.7795}, "shot_noise": {"1": 0.48719999999999997, "2": 0.6484, "3": 0.8164, "4": 0.8461, "5": 0.8761}}, "weather": {"brightness": {"1": 0.10770000000000002, "2": 0.10650000000000004, "3": 0.11929999999999996, "4": 0.12450000000000006, "5": 0.16859999999999997}, "fog": {"1": 0.11370000000000002, "2": 0.15139999999999998, "3": 0.20599999999999996, "4": 0.3066, "5": 0.5432}, "frost": {"1": 0.14700000000000002, "2": 0.1945, "3": 0.2821, "4": 0.2935, "5": 0.39890000000000003}, "snow": {"1": 0.14590000000000003, "2": 0.22230000000000005, "3": 0.2158, "4": 0.256, "5": 0.29869999999999997}}}}