{"clean": 0.10409999999999997, "corruptions": {"blur": {"defocus_blur": {"1": 0.11180000000000001, "2": 0.15480000000000005, "3": 0.24619999999999997, "4": 0.3688, "5": 0.5826}, "glass_blur": {"1": 0.6411, "2": 0.6137, "3": 0.49639999999999995, "4": 0.7432000000000001, "5": 0.6695}, "motion_blur": {"1": 0.18830000000000002, "2": 0.30200000000000005, "3": 0.4245, "4": 0.42200000000000004, "5": 0.5182}, "zoom_blur": {"1": 0.24309999999999998, "2": 0.2894, "3": 0.35440000000000005, "4": 0.4225, "5": 0.5072}}, "digital": {"contrast": {"1": 0.11470000000000002, "2": 0.18969999999999998, "3": 0.2772, "4": 0.4433, "5": 0.7876}, "elastic_transform": {"1": 0.19489999999999996, "2": 0.20379999999999998, "3": 0.274, "4": 0.355, "5": 0.40259999999999996}, "jpeg_compression": {"1": 0.23199999999999998, "2": 0.31289999999999996, "3": 0.33620000000000005, "4": 0.3678, "5": 0.406}, "pixelate": {"1": 0.18130000000000002, "2": 0.33209999999999995, "3": 0.4053, "4": 0.6073, "5": 0.7511}}, "noise": {"gaussian_noise": {"1": 0.6618999999999999, "2": 0.8185, "3": 0.8657, "4": 0.8766, "5": 0.8835}, "impulse_noise": {"1": 0.32530000000000003, "2": 0.47030000000000005, "3": 0.5603, "4": 0.6804, "5": 0.7843}, "shot_noise": {"1": 0.4841, "2": 0.6514, "3": 0.8128, "4": 0.8431, "5": 0.8725}}, "weather": {"brightness": {"1": 0.10599999999999998, "2": 0.1079, "3": 0.11699999999999999, "4": 0.12409999999999999, "5": 0.16700000000000004}, "fog": {"1": 0.11240000000000006, "2": 0.14670000000000005, "3": 0.20609999999999995, "4": 0.3003, "5": 0.5356000000000001}, "frost": {"1": 0.14370000000000005, "2": 0.19289999999999996, "3": 0.2791, "4": 0.29269999999999996, "5": 0.399}, "snow": {"1": 0.14549999999999996, "2": 0.22299999999999998, "3": 0.21199999999999997, "4": 0.2539, "5": 0.30010000000000003}}}}