{"clean": 0.10799999999999998, "corruptions": {"blur": {"defocus_blur": {"1": 0.11099999999999999, "2": 0.13970000000000005, "3": 0.19740000000000002, "4": 0.30479999999999996, "5": 0.5208999999999999}, "glass_blur": {"1": 0.6511, "2": 0.6251, "3": 0.5279, "4": 0.7516, "5": 0.6938}, "motion_blur": {"1": 0.1644, "2": 0.25970000000000004, "3": 0.3679, "4": 0.36560000000000004, "5": 0.45399999999999996}, "zoom_blur": {"1": 0.19420000000000004, "2": 0.22819999999999996, "3": 0.28659999999999997, "4": 0.35050000000000003, "5": 0.44120000000000004}}, "digital": {"contrast": {"1": 0.1169, "2": 0.16349999999999998, "3": 0.21530000000000005, "4": 0.31220000000000003, "5": 0.7221}, "elastic_transform": {"1": 0.17459999999999998, "2": 0.17879999999999996, "3": 0.23019999999999996, "4": 0.3014, "5": 0.3557}, "jpeg_compression": {"1": 0.23709999999999998, "2": 0.30879999999999996, "3": 0.3368, "4": 0.3711, "5": 0.41279999999999994}, "pixelate": {"1": 0.1904, "2": 0.34409999999999996, "3": 0.4253, "4": 0.6044, "5": 0.7643}}, "noise": {"gaussian_noise": {"1": 0.5396000000000001, "2": 0.7342, "3": 0.8098, "4": 0.8281000000000001, "5": 0.8428}, "impulse_noise": {"1": 0.31789999999999996, "2": 0.42810000000000004, "3": 0.5166, "4": 0.6779, "5": 0.7686999999999999}, "shot_noise": {"1": 0.40059999999999996, "2": 0.544, "3": 0.7354, "4": 0.7721, "5": 0.8105}}, "weather": {"brightness": {"1": 0.11250000000000004, "2": 0.11450000000000005, "3": 0.12929999999999997, "4": 0.1442, "5": 0.1805}, "fog": {"1": 0.11350000000000005, "2": 0.1381, "3": 0.17200000000000004, "4": 0.23029999999999995, "5": 0.40990000000000004}, "frost": {"1": 0.1552, "2": 0.2096, "3": 0.28280000000000005, "4": 0.29890000000000005, "5": 0.38280000000000003}, "snow": {"1": 0.15959999999999996, "2": 0.24880000000000002, "3": 0.2278, "4": 0.26770000000000005, "5": 0.3095}}}}