{"clean": 0.12880000000000003, "corruptions": {"blur": {"defocus_blur": {"1": 0.14570000000000005, "2": 0.19830000000000003, "3": 0.28959999999999997, "4": 0.397, "5": 0.5981000000000001}, "glass_blur": {"1": 0.6343, "2": 0.6154999999999999, "3": 0.49760000000000004, "4": 0.7477, "5": 0.6875}, "motion_blur": {"1": 0.2277, "2": 0.3329, "3": 0.44930000000000003, "4": 0.4466, "5": 0.5523}, "zoom_blur": {"1": 0.2693, "2": 0.31410000000000005, "3": 0.3761, "4": 0.4437, "5": 0.5261}}, "digital": {"contrast": {"1": 0.14629999999999999, "2": 0.23240000000000005, "3": 0.32130000000000003, "4": 0.4799, "5": 0.8126}, "elastic_transform": {"1": 0.24119999999999997, "2": 0.25070000000000003, "3": 0.31589999999999996, "4": 0.3718, "5": 0.41369999999999996}, "jpeg_compression": {"1": 0.2892, "2": 0.37849999999999995, "3": 0.39970000000000006, "4": 0.43510000000000004, "5": 0.4747}, "pixelate": {"1": 0.25870000000000004, "2": 0.4415, "3": 0.49950000000000006, "4": 0.6698999999999999, "5": 0.8632}}, "noise": {"gaussian_noise": {"1": 0.5001, "2": 0.7323999999999999, "3": 0.8230999999999999, "4": 0.8437, "5": 0.8511}, "impulse_noise": {"1": 0.34709999999999996, "2": 0.4425, "3": 0.5284, "4": 0.6857, "5": 0.7918000000000001}, "shot_noise": {"1": 0.36439999999999995, "2": 0.4979, "3": 0.7258, "4": 0.7688, "5": 0.8236}}, "weather": {"brightness": {"1": 0.12980000000000003, "2": 0.13290000000000002, "3": 0.13970000000000005, "4": 0.1511, "5": 0.17879999999999996}, "fog": {"1": 0.14480000000000004, "2": 0.18289999999999995, "3": 0.24029999999999996, "4": 0.2992, "5": 0.48560000000000003}, "frost": {"1": 0.15790000000000004, "2": 0.19979999999999998, "3": 0.25970000000000004, "4": 0.2741, "5": 0.35440000000000005}, "snow": {"1": 0.17259999999999998, "2": 0.2228, "3": 0.22060000000000002, "4": 0.263, "5": 0.2955}}}}