{"clean": 0.11070000000000002, "corruptions": {"blur": {"defocus_blur": {"1": 0.11539999999999995, "2": 0.14039999999999997, "3": 0.1985, "4": 0.2894, "5": 0.4798}, "glass_blur": {"1": 0.6502, "2": 0.6454, "3": 0.5510999999999999, "4": 0.7494000000000001, "5": 0.7019}, "motion_blur": {"1": 0.17759999999999998, "2": 0.27859999999999996, "3": 0.38180000000000003, "4": 0.37770000000000004, "5": 0.4648}, "zoom_blur": {"1": 0.20440000000000003, "2": 0.23619999999999997, "3": 0.2903, "4": 0.3458, "5": 0.4274}}, "digital": {"contrast": {"1": 0.12819999999999998, "2": 0.1996, "3": 0.2894, "4": 0.4457, "5": 0.8036}, "elastic_transform": {"1": 0.1905, "2": 0.19020000000000004, "3": 0.23970000000000002, "4": 0.3266, "5": 0.3941}, "jpeg_compression": {"1": 0.23760000000000003, "2": 0.2955, "3": 0.31710000000000005, "4": 0.3486, "5": 0.38339999999999996}, "pixelate": {"1": 0.1451, "2": 0.21419999999999995, "3": 0.2623, "4": 0.42169999999999996, "5": 0.7134}}, "noise": {"gaussian_noise": {"1": 0.6893, "2": 0.8335, "3": 0.8725, "4": 0.8829, "5": 0.8885}, "impulse_noise": {"1": 0.28600000000000003, "2": 0.39690000000000003, "3": 0.5186, "4": 0.7314, "5": 0.8383}, "shot_noise": {"1": 0.5184, "2": 0.6783, "3": 0.8231999999999999, "4": 0.8495, "5": 0.8744000000000001}}, "weather": {"brightness": {"1": 0.11099999999999999, "2": 0.11629999999999996, "3": 0.12639999999999996, "4": 0.1392, "5": 0.18210000000000004}, "fog": {"1": 0.12190000000000001, "2": 0.1542, "3": 0.20430000000000004, "4": 0.26249999999999996, "5": 0.44630000000000003}, "frost": {"1": 0.16049999999999998, "2": 0.21509999999999996, "3": 0.30789999999999995, "4": 0.3217, "5": 0.4306}, "snow": {"1": 0.1663, "2": 0.25270000000000004, "3": 0.2358, "4": 0.27749999999999997, "5": 0.3224}}}}