{"clean": 0.11780000000000002, "corruptions": {"blur": {"defocus_blur": {"1": 0.12760000000000005, "2": 0.16479999999999995, "3": 0.235, "4": 0.3345, "5": 0.5436000000000001}, "glass_blur": {"1": 0.633, "2": 0.6161, "3": 0.5169, "4": 0.7333000000000001, "5": 0.6795}, "motion_blur": {"1": 0.1987, "2": 0.3055, "3": 0.4193, "4": 0.4226, "5": 0.5112}, "zoom_blur": {"1": 0.23270000000000002, "2": 0.2731, "3": 0.3295, "4": 0.39249999999999996, "5": 0.4716}}, "digital": {"contrast": {"1": 0.13629999999999998, "2": 0.21630000000000005, "3": 0.3026, "4": 0.45230000000000004, "5": 0.7537}, "elastic_transform": {"1": 0.21189999999999998, "2": 0.21789999999999998, "3": 0.26670000000000005, "4": 0.3278, "5": 0.35119999999999996}, "jpeg_compression": {"1": 0.26249999999999996, "2": 0.33720000000000006, "3": 0.36650000000000005, "4": 0.3943, "5": 0.43189999999999995}, "pixelate": {"1": 0.21940000000000004, "2": 0.357, "3": 0.4484, "4": 0.6252, "5": 0.7323}}, "noise": {"gaussian_noise": {"1": 0.6102000000000001, "2": 0.7917, "3": 0.8392999999999999, "4": 0.8495, "5": 0.8576}, "impulse_noise": {"1": 0.3329, "2": 0.4608, "3": 0.5339, "4": 0.6928000000000001, "5": 0.8152}, "shot_noise": {"1": 0.4283, "2": 0.5924, "3": 0.7841, "4": 0.8172, "5": 0.8476}}, "weather": {"brightness": {"1": 0.11770000000000003, "2": 0.12390000000000001, "3": 0.13180000000000003, "4": 0.15090000000000003, "5": 0.1886}, "fog": {"1": 0.1279, "2": 0.16879999999999995, "3": 0.21989999999999998, "4": 0.28600000000000003, "5": 0.45830000000000004}, "frost": {"1": 0.1624, "2": 0.21150000000000002, "3": 0.2945, "4": 0.3134, "5": 0.39890000000000003}, "snow": {"1": 0.1724, "2": 0.2581, "3": 0.24929999999999997, "4": 0.29679999999999995, "5": 0.32030000000000003}}}}