{"clean": 0.1059, "corruptions": {"blur": {"defocus_blur": {"1": 0.10999999999999999, "2": 0.13570000000000004, "3": 0.1946, "4": 0.3023, "5": 0.5188999999999999}, "glass_blur": {"1": 0.6492, "2": 0.6259, "3": 0.5256000000000001, "4": 0.7519, "5": 0.6954}, "motion_blur": {"1": 0.16069999999999995, "2": 0.2572, "3": 0.36119999999999997, "4": 0.36250000000000004, "5": 0.45589999999999997}, "zoom_blur": {"1": 0.1925, "2": 0.22599999999999998, "3": 0.28580000000000005, "4": 0.35019999999999996, "5": 0.4404}}, "digital": {"contrast": {"1": 0.11499999999999999, "2": 0.15959999999999996, "3": 0.2136, "4": 0.3103, "5": 0.7208}, "elastic_transform": {"1": 0.17359999999999998, "2": 0.17900000000000005, "3": 0.22699999999999998, "4": 0.3016, "5": 0.35}, "jpeg_compression": {"1": 0.23219999999999996, "2": 0.30589999999999995, "3": 0.33540000000000003, "4": 0.36660000000000004, "5": 0.41000000000000003}, "pixelate": {"1": 0.19179999999999997, "2": 0.3428, "3": 0.4286, "4": 0.6056, "5": 0.7635000000000001}}, "noise": {"gaussian_noise": {"1": 0.5388, "2": 0.7324999999999999, "3": 0.8094, "4": 0.8279, "5": 0.8409}, "impulse_noise": {"1": 0.31899999999999995, "2": 0.42400000000000004, "3": 0.5138, "4": 0.6763, "5": 0.7692}, "shot_noise": {"1": 0.397, "2": 0.5446, "3": 0.736, "4": 0.7685, "5": 0.8069}}, "weather": {"brightness": {"1": 0.11429999999999996, "2": 0.1189, "3": 0.12849999999999995, "4": 0.14239999999999997, "5": 0.18179999999999996}, "fog": {"1": 0.11250000000000004, "2": 0.1361, "3": 0.17210000000000003, "4": 0.23129999999999995, "5": 0.4071}, "frost": {"1": 0.1512, "2": 0.20479999999999998, "3": 0.2843, "4": 0.2965, "5": 0.38180000000000003}, "snow": {"1": 0.15769999999999995, "2": 0.24670000000000003, "3": 0.22409999999999997, "4": 0.26770000000000005, "5": 0.3073}}}}