,loss,accuracy,val_loss,val_accuracy
0,0.34903469681739807,0.8837400078773499,0.5035552978515625,0.8461999893188477
1,0.15234145522117615,0.9452800154685974,0.3889797031879425,0.8795999884605408
2,0.10906042903661728,0.9619200229644775,0.37983787059783936,0.8847000002861023
3,0.08919114619493484,0.9690999984741211,0.3538261353969574,0.8939999938011169
4,0.07728559523820877,0.9738399982452393,0.38437673449516296,0.8881999850273132
5,0.07019022107124329,0.9767199754714966,0.35864269733428955,0.896399974822998
6,0.06078188121318817,0.9809600114822388,0.40057745575904846,0.8844000101089478
7,0.05408858507871628,0.9834799766540527,0.39929327368736267,0.8862000107765198
8,0.04806045442819595,0.9854400157928467,0.3998093008995056,0.8909000158309937
