,loss,accuracy,val_loss,val_accuracy
0,0.40439116954803467,0.8619400262832642,0.5201059579849243,0.830299973487854
1,0.24440909922122955,0.9146599769592285,0.49918729066848755,0.8335000276565552
2,0.21511340141296387,0.9234600067138672,0.4253125488758087,0.8592000007629395
3,0.19596406817436218,0.9310600161552429,0.3185119032859802,0.8916000127792358
4,0.17867544293403625,0.9358400106430054,0.4166448712348938,0.8712000250816345
5,0.1587371528148651,0.9428799748420715,0.3577115833759308,0.8858000040054321
6,0.14277616143226624,0.9482600092887878,0.4989922344684601,0.849399983882904
7,0.13035212457180023,0.9535800218582153,0.3498203456401825,0.8899999856948853
8,0.1172344833612442,0.9579799771308899,0.4091401994228363,0.8689000010490417
