,loss,accuracy,val_loss,val_accuracy
0,0.43652984499931335,0.8536199927330017,0.7296866774559021,0.7480000257492065
1,0.33159589767456055,0.8885400295257568,0.7324157357215881,0.7594000101089478
2,0.2920393645763397,0.9024800062179565,0.7463539242744446,0.7634999752044678
3,0.2654936611652374,0.9110599756240845,0.758821964263916,0.7667999863624573
4,0.24735547602176666,0.9175400137901306,0.7736993432044983,0.7663999795913696
5,0.23367828130722046,0.9211199879646301,0.7913857102394104,0.7656999826431274
