,loss,accuracy,val_loss,val_accuracy
0,2.2309091091156006,0.21595999598503113,1.356675624847412,0.5264000296592712
1,0.6873158812522888,0.7658600211143494,0.7368956208229065,0.7468000054359436
2,0.36729946732521057,0.873740017414093,0.7481347918510437,0.7617999911308289
3,0.3123951554298401,0.8915799856185913,0.7675866484642029,0.7634999752044678
4,0.2881729006767273,0.8992000222206116,0.7942071557044983,0.7630000114440918
5,0.27043572068214417,0.9070799946784973,0.8011789917945862,0.7649000287055969
6,0.2523912489414215,0.9126999974250793,0.8226168751716614,0.76419997215271
