,loss,accuracy,val_loss,val_accuracy
0,2.0104658603668213,0.30994001030921936,1.235292911529541,0.5680999755859375
1,0.5951167345046997,0.7923600077629089,0.7366220951080322,0.7569000124931335
2,0.27833259105682373,0.9056800007820129,0.7832406163215637,0.7662000060081482
3,0.22726021707057953,0.9225999712944031,0.8216373324394226,0.765500009059906
4,0.20825105905532837,0.9295799732208252,0.8569559454917908,0.7648000121116638
5,0.19536685943603516,0.9336000084877014,0.8843677043914795,0.7652999758720398
6,0.1833837926387787,0.9390599727630615,0.912754476070404,0.7648000121116638
