,loss,accuracy,val_loss,val_accuracy
0,2.129462242126465,0.21065999567508698,1.7156097888946533,0.3612000048160553
1,1.4467949867248535,0.48061999678611755,1.1314382553100586,0.6057000160217285
2,0.7100117206573486,0.7529000043869019,0.7540018558502197,0.7414000034332275
3,0.419569194316864,0.8575400114059448,0.7200582027435303,0.7605000138282776
4,0.3146441876888275,0.893060028553009,0.73968505859375,0.767300009727478
5,0.2661200761795044,0.9091399908065796,0.7622334361076355,0.7670000195503235
6,0.2394162267446518,0.9187999963760376,0.7924289703369141,0.7663000226020813
7,0.22130870819091797,0.9254000186920166,0.8057852387428284,0.7682999968528748
8,0.2071422040462494,0.9299200177192688,0.8325663805007935,0.7689999938011169
