,loss,accuracy,val_loss,val_accuracy
0,2.4192750453948975,0.20175999402999878,1.599183440208435,0.4293999969959259
1,0.8201829195022583,0.7152799963951111,0.7489874362945557,0.7416999936103821
2,0.41004398465156555,0.8606799840927124,0.7553685307502747,0.7569000124931335
3,0.34099656343460083,0.8820599913597107,0.782843291759491,0.7570000290870667
4,0.3167423903942108,0.8897200226783752,0.787945032119751,0.760200023651123
5,0.30283451080322266,0.8934000134468079,0.7982972264289856,0.7602999806404114
6,0.29012081027030945,0.8987799882888794,0.818301796913147,0.7562000155448914
