,loss,accuracy,val_loss,val_accuracy
0,0.3538530468940735,0.8780400156974792,0.7581319808959961,0.7556999921798706
1,0.29256534576416016,0.9003599882125854,0.7709903120994568,0.7610999941825867
2,0.26491692662239075,0.9098600149154663,0.7886300086975098,0.7605000138282776
3,0.24733267724514008,0.9155799746513367,0.7974543571472168,0.761900007724762
4,0.23426097631454468,0.9204800128936768,0.817337691783905,0.7630000114440918
5,0.22443822026252747,0.9245799779891968,0.8288575410842896,0.7630000114440918
