,loss,accuracy,val_loss,val_accuracy
0,0.008561471477150917,0.9981399774551392,0.30854079127311707,0.9251000285148621
1,0.002176867565140128,0.9999200105667114,0.32557013630867004,0.9279000163078308
2,0.0010842641349881887,1.0,0.3396383225917816,0.9294000267982483
3,0.0006495079724118114,1.0,0.3551582992076874,0.9287999868392944
4,0.00043846003245562315,1.0,0.3697730004787445,0.9279999732971191
5,0.0003154851438011974,1.0,0.3822482228279114,0.9290000200271606
