,loss,accuracy,val_loss,val_accuracy
0,0.4447180926799774,0.8636599779129028,0.3275754749774933,0.9054999947547913
1,0.024804605171084404,0.9930800199508667,0.2673134207725525,0.9273999929428101
2,0.008672762662172318,0.9987800121307373,0.2690030634403229,0.9297000169754028
3,0.007409306243062019,0.9985600113868713,0.2824375033378601,0.9296000003814697
4,0.005437587387859821,0.9988399744033813,0.29542866349220276,0.9301000237464905
5,0.004453079774975777,0.9990800023078918,0.3053738474845886,0.9318000078201294
6,0.003556330455467105,0.9992799758911133,0.30787569284439087,0.9309999942779541
