,loss,accuracy,val_loss,val_accuracy
0,0.4355364441871643,0.85944002866745,0.3329262137413025,0.8967000246047974
1,0.0383276604115963,0.9878399968147278,0.29366692900657654,0.921500027179718
2,0.018801825121045113,0.9947999715805054,0.3020382821559906,0.9232000112533569
3,0.015254377387464046,0.9953600168228149,0.32479724287986755,0.9248999953269958
4,0.011096413247287273,0.9965800046920776,0.3112400472164154,0.9269999861717224
5,0.008443337865173817,0.9973000288009644,0.32164183259010315,0.928600013256073
6,0.0053514037281274796,0.998420000076294,0.3449483811855316,0.9290000200271606
