,loss,accuracy,val_loss,val_accuracy
0,0.623807966709137,0.8223199844360352,0.3290019929409027,0.9067999720573425
1,0.036790452897548676,0.9881200194358826,0.30816712975502014,0.9154999852180481
2,0.01883549988269806,0.9944800138473511,0.306369423866272,0.9203000068664551
3,0.011540994979441166,0.9970600008964539,0.3096679449081421,0.9240000247955322
4,0.0074164667166769505,0.9985799789428711,0.31956958770751953,0.9251999855041504
5,0.00487891910597682,0.9993600249290466,0.33420583605766296,0.9264000058174133
6,0.005661472678184509,0.9985799789428711,0.3418525755405426,0.9269000291824341
7,0.0023262868635356426,0.9998999834060669,0.35032951831817627,0.9283000230789185
