,loss,accuracy,val_loss,val_accuracy
0,0.646584153175354,0.8334599733352661,0.817909836769104,0.7623999714851379
1,0.21293269097805023,0.9567999839782715,0.7917061448097229,0.7717000246047974
2,0.14532384276390076,0.9729800224304199,0.7932983040809631,0.7720999717712402
3,0.10441150516271591,0.9829400181770325,0.8100501894950867,0.7724999785423279
4,0.07397961616516113,0.9901400208473206,0.8200424909591675,0.7739999890327454
5,0.052044082432985306,0.9936400055885315,0.8342370986938477,0.7777000069618225
6,0.0372467041015625,0.9962199926376343,0.8473443388938904,0.7818999886512756
