,loss,accuracy,val_loss,val_accuracy
0,0.315878689289093,0.9268199801445007,0.8700031042098999,0.7469000220298767
1,0.3181891143321991,0.9288600087165833,0.8163105249404907,0.7613999843597412
2,0.2336965948343277,0.954800009727478,0.8025450110435486,0.7667999863624573
3,0.18048204481601715,0.9703199863433838,0.8013402819633484,0.7684000134468079
4,0.1411598175764084,0.9805200099945068,0.8008403182029724,0.7698000073432922
5,0.111616350710392,0.9863799810409546,0.8042339086532593,0.7714999914169312
6,0.08814289420843124,0.9902799725532532,0.8126857280731201,0.7731999754905701
7,0.07014736533164978,0.9939600229263306,0.8223440647125244,0.7716000080108643
