,loss,accuracy,val_loss,val_accuracy
0,1.656611680984497,0.5718799829483032,1.0445820093154907,0.7064999938011169
1,0.4976371228694916,0.8503400087356567,0.8581363558769226,0.7516999840736389
2,0.34880104660987854,0.8975399732589722,0.8112847805023193,0.7698000073432922
3,0.2763005197048187,0.9247400164604187,0.8255646228790283,0.7709000110626221
4,0.21903708577156067,0.9417399764060974,0.8134089112281799,0.7766000032424927
5,0.1877160370349884,0.951740026473999,0.8159699440002441,0.7767000198364258
6,0.15048564970493317,0.9667800068855286,0.8209145665168762,0.7793999910354614
7,0.11406178772449493,0.9753400087356567,0.8364095687866211,0.7786999940872192
