,loss,accuracy,val_loss,val_accuracy
0,0.4200955033302307,0.8665199875831604,0.9259628653526306,0.7645999789237976
1,0.16688086092472076,0.9457200169563293,0.985431432723999,0.7696999907493591
2,0.0990302637219429,0.9696400165557861,1.0930697917938232,0.7706000208854675
3,0.06340470165014267,0.98225998878479,1.1842691898345947,0.769599974155426
4,0.0407964289188385,0.9898599982261658,1.3266993761062622,0.7684999704360962
5,0.028235314413905144,0.9935600161552429,1.4152361154556274,0.7695000171661377
