,loss,accuracy,val_loss,val_accuracy
0,0.6331678628921509,0.8087199926376343,0.8510105609893799,0.7588000297546387
1,0.2769390940666199,0.9107800126075745,0.8615197539329529,0.7669000029563904
2,0.17331050336360931,0.9466000199317932,0.9423128962516785,0.7702999711036682
3,0.1148233562707901,0.9658600091934204,1.0436325073242188,0.7677000164985657
4,0.08061520755290985,0.9767000079154968,1.074156403541565,0.7731999754905701
5,0.05138865113258362,0.9864400029182434,1.185155987739563,0.771399974822998
