,loss,accuracy,val_loss,val_accuracy
0,1.2510226964950562,0.6667400002479553,0.8765119910240173,0.7472000122070312
1,0.2152635157108307,0.9482799768447876,0.7915499806404114,0.7739999890327454
2,0.10376447439193726,0.9833599925041199,0.8068215847015381,0.7799999713897705
3,0.07722555845975876,0.9896399974822998,0.821372389793396,0.7773000001907349
4,0.06033419072628021,0.9923999905586243,0.833454966545105,0.7792999744415283
5,0.047122351825237274,0.9950600266456604,0.8457217812538147,0.7802000045776367
6,0.036881223320961,0.9958599805831909,0.8706304430961609,0.7796000242233276
