{"clean": 0.3933, "corruptions": {"blur": {"defocus_blur": {"1": 0.3981, "2": 0.43220000000000003, "3": 0.5028, "4": 0.5798, "5": 0.7123999999999999}, "glass_blur": {"1": 0.782, "2": 0.7785, "3": 0.7436, "4": 0.8388, "5": 0.8133}, "motion_blur": {"1": 0.47040000000000004, "2": 0.5515, "3": 0.6258, "4": 0.6203000000000001, "5": 0.6820999999999999}, "zoom_blur": {"1": 0.497, "2": 0.5275000000000001, "3": 0.5663, "4": 0.6043000000000001, "5": 0.6526000000000001}}, "digital": {"contrast": {"1": 0.3991, "2": 0.44020000000000004, "3": 0.4769, "4": 0.5447, "5": 0.7562}, "elastic_transform": {"1": 0.49260000000000004, "2": 0.4949, "3": 0.5334, "4": 0.6147, "5": 0.6926}, "jpeg_compression": {"1": 0.5425, "2": 0.6032, "3": 0.6223000000000001, "4": 0.6361, "5": 0.6686000000000001}, "pixelate": {"1": 0.43279999999999996, "2": 0.5044, "3": 0.5665, "4": 0.7271000000000001, "5": 0.8329}}, "noise": {"gaussian_noise": {"1": 0.7714, "2": 0.9006, "3": 0.9505, "4": 0.9625, "5": 0.9701}, "impulse_noise": {"1": 0.7172000000000001, "2": 0.8525, "3": 0.9003, "4": 0.9385, "5": 0.951}, "shot_noise": {"1": 0.656, "2": 0.7812, "3": 0.9117, "4": 0.9353, "5": 0.9575}}, "weather": {"brightness": {"1": 0.3919, "2": 0.4002, "3": 0.42079999999999995, "4": 0.44910000000000005, "5": 0.5162}, "fog": {"1": 0.3922, "2": 0.4225, "3": 0.4597, "4": 0.5426, "5": 0.7345999999999999}, "frost": {"1": 0.4657, "2": 0.5406, "3": 0.6411, "4": 0.6473, "5": 0.7334}, "snow": {"1": 0.4518, "2": 0.5715, "3": 0.5468, "4": 0.5831999999999999, "5": 0.6391}}}}