{"clean": 0.4145, "corruptions": {"blur": {"defocus_blur": {"1": 0.41979999999999995, "2": 0.4569, "3": 0.5287, "4": 0.6114999999999999, "5": 0.7442}, "glass_blur": {"1": 0.7879, "2": 0.777, "3": 0.7451, "4": 0.8421, "5": 0.8085}, "motion_blur": {"1": 0.49450000000000005, "2": 0.5682, "3": 0.6436999999999999, "4": 0.6442, "5": 0.6994}, "zoom_blur": {"1": 0.522, "2": 0.5522, "3": 0.5964, "4": 0.6331, "5": 0.6865}}, "digital": {"contrast": {"1": 0.42179999999999995, "2": 0.4636, "3": 0.5079, "4": 0.5837, "5": 0.7926}, "elastic_transform": {"1": 0.5163, "2": 0.5217, "3": 0.5660000000000001, "4": 0.636, "5": 0.6944}, "jpeg_compression": {"1": 0.5477000000000001, "2": 0.6113, "3": 0.6349, "4": 0.6522, "5": 0.6858}, "pixelate": {"1": 0.4555, "2": 0.5505, "3": 0.6066, "4": 0.7636000000000001, "5": 0.8573}}, "noise": {"gaussian_noise": {"1": 0.7775, "2": 0.8987, "3": 0.9479, "4": 0.9625, "5": 0.9702}, "impulse_noise": {"1": 0.8251, "2": 0.9178999999999999, "3": 0.948, "4": 0.9648, "5": 0.9711}, "shot_noise": {"1": 0.6667000000000001, "2": 0.785, "3": 0.9117999999999999, "4": 0.9359, "5": 0.9584}}, "weather": {"brightness": {"1": 0.41679999999999995, "2": 0.43220000000000003, "3": 0.45199999999999996, "4": 0.4839, "5": 0.5573}, "fog": {"1": 0.4161, "2": 0.4475, "3": 0.4958, "4": 0.5799000000000001, "5": 0.7549}, "frost": {"1": 0.5001, "2": 0.5771999999999999, "3": 0.6722, "4": 0.6858, "5": 0.7612}, "snow": {"1": 0.481, "2": 0.596, "3": 0.5764, "4": 0.6102000000000001, "5": 0.6740999999999999}}}}