{"clean": 0.45409999999999995, "corruptions": {"blur": {"defocus_blur": {"1": 0.45409999999999995, "2": 0.469, "3": 0.5118, "4": 0.5695, "5": 0.6876}, "glass_blur": {"1": 0.8044, "2": 0.7974, "3": 0.7525, "4": 0.8543000000000001, "5": 0.8176}, "motion_blur": {"1": 0.49950000000000006, "2": 0.5639000000000001, "3": 0.6224000000000001, "4": 0.6205, "5": 0.6829000000000001}, "zoom_blur": {"1": 0.5159, "2": 0.5369999999999999, "3": 0.5683, "4": 0.5973999999999999, "5": 0.642}}, "digital": {"contrast": {"1": 0.45909999999999995, "2": 0.4921, "3": 0.5268999999999999, "4": 0.5956, "5": 0.7893}, "elastic_transform": {"1": 0.5277000000000001, "2": 0.5259, "3": 0.5529999999999999, "4": 0.6242, "5": 0.6996}, "jpeg_compression": {"1": 0.6036, "2": 0.6543, "3": 0.6754, "4": 0.6901999999999999, "5": 0.7174}, "pixelate": {"1": 0.5045, "2": 0.5963, "3": 0.6545000000000001, "4": 0.7948, "5": 0.8681}}, "noise": {"gaussian_noise": {"1": 0.8314, "2": 0.9301, "3": 0.9664, "4": 0.9727, "5": 0.9795}, "impulse_noise": {"1": 0.8204, "2": 0.9145, "3": 0.9437, "4": 0.9672, "5": 0.9768}, "shot_noise": {"1": 0.738, "2": 0.8432999999999999, "3": 0.9394, "4": 0.9563, "5": 0.9713}}, "weather": {"brightness": {"1": 0.45299999999999996, "2": 0.4597, "3": 0.47130000000000005, "4": 0.4952, "5": 0.5488}, "fog": {"1": 0.4636, "2": 0.49529999999999996, "3": 0.5464, "4": 0.6218, "5": 0.7928999999999999}, "frost": {"1": 0.5379, "2": 0.6093999999999999, "3": 0.7038, "4": 0.7133, "5": 0.7901}, "snow": {"1": 0.5259, "2": 0.6386000000000001, "3": 0.6246, "4": 0.6507000000000001, "5": 0.7019}}}}