{"clean": 0.42379999999999995, "corruptions": {"blur": {"defocus_blur": {"1": 0.42600000000000005, "2": 0.45320000000000005, "3": 0.506, "4": 0.5746, "5": 0.6998}, "glass_blur": {"1": 0.7904, "2": 0.7756000000000001, "3": 0.7363, "4": 0.8465, "5": 0.8069999999999999}, "motion_blur": {"1": 0.48650000000000004, "2": 0.5615, "3": 0.6216999999999999, "4": 0.6235999999999999, "5": 0.6839999999999999}, "zoom_blur": {"1": 0.5055000000000001, "2": 0.5298, "3": 0.5683, "4": 0.6017, "5": 0.6486000000000001}}, "digital": {"contrast": {"1": 0.4356, "2": 0.47829999999999995, "3": 0.5133, "4": 0.5825, "5": 0.7914}, "elastic_transform": {"1": 0.5107999999999999, "2": 0.5105999999999999, "3": 0.5474, "4": 0.6149, "5": 0.6893}, "jpeg_compression": {"1": 0.5655, "2": 0.6144000000000001, "3": 0.6372, "4": 0.6555, "5": 0.6827}, "pixelate": {"1": 0.46430000000000005, "2": 0.5437000000000001, "3": 0.5999, "4": 0.7504, "5": 0.842}}, "noise": {"gaussian_noise": {"1": 0.8054, "2": 0.919, "3": 0.9643, "4": 0.9697, "5": 0.977}, "impulse_noise": {"1": 0.8189, "2": 0.9101, "3": 0.9422, "4": 0.9681, "5": 0.9766}, "shot_noise": {"1": 0.7017, "2": 0.8200000000000001, "3": 0.9315, "4": 0.9506, "5": 0.9685}}, "weather": {"brightness": {"1": 0.42400000000000004, "2": 0.43400000000000005, "3": 0.45699999999999996, "4": 0.4858, "5": 0.5546}, "fog": {"1": 0.43000000000000005, "2": 0.4537, "3": 0.508, "4": 0.5861000000000001, "5": 0.7632}, "frost": {"1": 0.5056, "2": 0.5842, "3": 0.673, "4": 0.6839999999999999, "5": 0.7677}, "snow": {"1": 0.4921, "2": 0.6022000000000001, "3": 0.5851, "4": 0.6129, "5": 0.6698999999999999}}}}