{"clean": 0.34550000000000003, "corruptions": {"blur": {"defocus_blur": {"1": 0.35329999999999995, "2": 0.3922, "3": 0.4596, "4": 0.5477000000000001, "5": 0.7077}, "glass_blur": {"1": 0.7661, "2": 0.7565999999999999, "3": 0.7267, "4": 0.8299, "5": 0.8069}, "motion_blur": {"1": 0.4266, "2": 0.509, "3": 0.5952, "4": 0.5912, "5": 0.6694}, "zoom_blur": {"1": 0.4597, "2": 0.49060000000000004, "3": 0.5333, "4": 0.5747, "5": 0.641}}, "digital": {"contrast": {"1": 0.3498, "2": 0.38739999999999997, "3": 0.42179999999999995, "4": 0.48819999999999997, "5": 0.7113}, "elastic_transform": {"1": 0.4505, "2": 0.4538, "3": 0.5058, "4": 0.5976, "5": 0.6815}, "jpeg_compression": {"1": 0.508, "2": 0.5815, "3": 0.6049, "4": 0.6275, "5": 0.6679999999999999}, "pixelate": {"1": 0.4075, "2": 0.49360000000000004, "3": 0.5617, "4": 0.7339, "5": 0.8277}}, "noise": {"gaussian_noise": {"1": 0.7299, "2": 0.8779, "3": 0.9365, "4": 0.9523, "5": 0.961}, "impulse_noise": {"1": 0.6303000000000001, "2": 0.7716000000000001, "3": 0.8409, "4": 0.8964, "5": 0.9297}, "shot_noise": {"1": 0.6119, "2": 0.7475, "3": 0.8944, "4": 0.9209, "5": 0.9455}}, "weather": {"brightness": {"1": 0.34730000000000005, "2": 0.3559, "3": 0.3758, "4": 0.3984, "5": 0.4635}, "fog": {"1": 0.35329999999999995, "2": 0.3768, "3": 0.4225, "4": 0.5041, "5": 0.702}, "frost": {"1": 0.42100000000000004, "2": 0.48640000000000005, "3": 0.5851999999999999, "4": 0.6011, "5": 0.6834}, "snow": {"1": 0.41000000000000003, "2": 0.5216000000000001, "3": 0.5107999999999999, "4": 0.5515, "5": 0.6012}}}}