{"clean": 0.44110000000000005, "corruptions": {"blur": {"defocus_blur": {"1": 0.4538, "2": 0.49060000000000004, "3": 0.5524, "4": 0.6254, "5": 0.7384999999999999}, "glass_blur": {"1": 0.8043, "2": 0.7951, "3": 0.7651, "4": 0.8528, "5": 0.8259}, "motion_blur": {"1": 0.523, "2": 0.5952999999999999, "3": 0.659, "4": 0.6618999999999999, "5": 0.7149}, "zoom_blur": {"1": 0.5493, "2": 0.5803, "3": 0.6139, "4": 0.6504, "5": 0.6949000000000001}}, "digital": {"contrast": {"1": 0.45389999999999997, "2": 0.5005, "3": 0.5452, "4": 0.6223000000000001, "5": 0.8069}, "elastic_transform": {"1": 0.5434, "2": 0.5445, "3": 0.5888, "4": 0.6498999999999999, "5": 0.7006}, "jpeg_compression": {"1": 0.6026, "2": 0.6592, "3": 0.6735, "4": 0.694, "5": 0.7203999999999999}, "pixelate": {"1": 0.4858, "2": 0.5698, "3": 0.6183000000000001, "4": 0.7509, "5": 0.8429}}, "noise": {"gaussian_noise": {"1": 0.8302, "2": 0.9324, "3": 0.9658, "4": 0.9733, "5": 0.9791}, "impulse_noise": {"1": 0.8374, "2": 0.9187, "3": 0.9466, "4": 0.9666, "5": 0.9715}, "shot_noise": {"1": 0.7251000000000001, "2": 0.8421, "3": 0.9399, "4": 0.9552, "5": 0.97}}, "weather": {"brightness": {"1": 0.44810000000000005, "2": 0.45809999999999995, "3": 0.48250000000000004, "4": 0.5139, "5": 0.5811999999999999}, "fog": {"1": 0.45030000000000003, "2": 0.484, "3": 0.5434, "4": 0.6284000000000001, "5": 0.8092}, "frost": {"1": 0.5351, "2": 0.613, "3": 0.7139, "4": 0.7203999999999999, "5": 0.8015}, "snow": {"1": 0.505, "2": 0.6244000000000001, "3": 0.6042000000000001, "4": 0.6409, "5": 0.6966}}}}