{"clean": 0.42279999999999995, "corruptions": {"blur": {"defocus_blur": {"1": 0.4303, "2": 0.46240000000000003, "3": 0.5221, "4": 0.5984, "5": 0.7275}, "glass_blur": {"1": 0.8071, "2": 0.8, "3": 0.7649, "4": 0.859, "5": 0.827}, "motion_blur": {"1": 0.49550000000000005, "2": 0.5634, "3": 0.6361, "4": 0.64, "5": 0.6900999999999999}, "zoom_blur": {"1": 0.5191, "2": 0.5459, "3": 0.587, "4": 0.6258, "5": 0.6728000000000001}}, "digital": {"contrast": {"1": 0.42989999999999995, "2": 0.4726, "3": 0.5159, "4": 0.595, "5": 0.7991}, "elastic_transform": {"1": 0.5159, "2": 0.5241, "3": 0.5610999999999999, "4": 0.633, "5": 0.6986}, "jpeg_compression": {"1": 0.5552, "2": 0.6099, "3": 0.6295999999999999, "4": 0.6464, "5": 0.6778}, "pixelate": {"1": 0.46299999999999997, "2": 0.5494, "3": 0.6133, "4": 0.7732, "5": 0.8618}}, "noise": {"gaussian_noise": {"1": 0.7936, "2": 0.9035, "3": 0.9475, "4": 0.9632000000000001, "5": 0.9719}, "impulse_noise": {"1": 0.7593, "2": 0.8815999999999999, "3": 0.928, "4": 0.959, "5": 0.97}, "shot_noise": {"1": 0.6799, "2": 0.8044, "3": 0.9165, "4": 0.9389, "5": 0.9595}}, "weather": {"brightness": {"1": 0.4252, "2": 0.4366, "3": 0.4578, "4": 0.48560000000000003, "5": 0.5609}, "fog": {"1": 0.42390000000000005, "2": 0.4518, "3": 0.4948, "4": 0.5852999999999999, "5": 0.7632}, "frost": {"1": 0.5035000000000001, "2": 0.5891, "3": 0.6854, "4": 0.7001, "5": 0.7804}, "snow": {"1": 0.4929, "2": 0.617, "3": 0.5926, "4": 0.6234, "5": 0.6873}}}}