{"clean": 0.39249999999999996, "corruptions": {"blur": {"defocus_blur": {"1": 0.3984, "2": 0.43389999999999995, "3": 0.5052, "4": 0.5795, "5": 0.7135}, "glass_blur": {"1": 0.782, "2": 0.7775, "3": 0.7441, "4": 0.8372999999999999, "5": 0.8133}, "motion_blur": {"1": 0.47130000000000005, "2": 0.5498000000000001, "3": 0.6255999999999999, "4": 0.6207, "5": 0.6802}, "zoom_blur": {"1": 0.4969, "2": 0.5268999999999999, "3": 0.5668, "4": 0.604, "5": 0.651}}, "digital": {"contrast": {"1": 0.3981, "2": 0.44079999999999997, "3": 0.47740000000000005, "4": 0.5475, "5": 0.7598}, "elastic_transform": {"1": 0.49250000000000005, "2": 0.49550000000000005, "3": 0.5349999999999999, "4": 0.6135999999999999, "5": 0.6925}, "jpeg_compression": {"1": 0.5428, "2": 0.6046, "3": 0.6222, "4": 0.637, "5": 0.6697}, "pixelate": {"1": 0.43220000000000003, "2": 0.5056, "3": 0.5649, "4": 0.7269, "5": 0.8348}}, "noise": {"gaussian_noise": {"1": 0.772, "2": 0.9001, "3": 0.9503, "4": 0.9621999999999999, "5": 0.97}, "impulse_noise": {"1": 0.7186, "2": 0.8537, "3": 0.9005, "4": 0.9386, "5": 0.9512}, "shot_noise": {"1": 0.6562, "2": 0.7804, "3": 0.9114, "4": 0.9355, "5": 0.9577}}, "weather": {"brightness": {"1": 0.39280000000000004, "2": 0.40049999999999997, "3": 0.4203, "4": 0.44930000000000003, "5": 0.5159}, "fog": {"1": 0.3919, "2": 0.4216, "3": 0.46099999999999997, "4": 0.5413, "5": 0.7323999999999999}, "frost": {"1": 0.46399999999999997, "2": 0.5424, "3": 0.6408, "4": 0.6464, "5": 0.7341}, "snow": {"1": 0.45199999999999996, "2": 0.5706, "3": 0.5456, "4": 0.5844, "5": 0.6412}}}}