{"clean": 0.4558, "corruptions": {"blur": {"defocus_blur": {"1": 0.4517, "2": 0.48319999999999996, "3": 0.5437000000000001, "4": 0.6261, "5": 0.7475}, "glass_blur": {"1": 0.8236, "2": 0.8107, "3": 0.776, "4": 0.8685, "5": 0.8417}, "motion_blur": {"1": 0.5177, "2": 0.5888, "3": 0.6605, "4": 0.6564, "5": 0.719}, "zoom_blur": {"1": 0.5506, "2": 0.5728, "3": 0.6074999999999999, "4": 0.6379, "5": 0.6920999999999999}}, "digital": {"contrast": {"1": 0.3651, "2": 0.38970000000000005, "3": 0.42279999999999995, "4": 0.49029999999999996, "5": 0.7129}, "elastic_transform": {"1": 0.5443, "2": 0.5402, "3": 0.5883, "4": 0.6738999999999999, "5": 0.7421}, "jpeg_compression": {"1": 0.6312, "2": 0.6946, "3": 0.7145, "4": 0.7317, "5": 0.7671}, "pixelate": {"1": 0.5056, "2": 0.5839, "3": 0.6426000000000001, "4": 0.7851, "5": 0.8559}}, "noise": {"gaussian_noise": {"1": 0.8267, "2": 0.9375, "3": 0.9698, "4": 0.9758, "5": 0.9804}, "impulse_noise": {"1": 0.6986, "2": 0.8074, "3": 0.864, "4": 0.9057, "5": 0.9356}, "shot_noise": {"1": 0.708, "2": 0.8284, "3": 0.9377, "4": 0.9553, "5": 0.9712}}, "weather": {"brightness": {"1": 0.4678, "2": 0.48960000000000004, "3": 0.5227999999999999, "4": 0.5705, "5": 0.6532}, "fog": {"1": 0.367, "2": 0.38549999999999995, "3": 0.42510000000000003, "4": 0.5093, "5": 0.7106}, "frost": {"1": 0.5881000000000001, "2": 0.7059, "3": 0.7867999999999999, "4": 0.7754, "5": 0.8127}, "snow": {"1": 0.5561, "2": 0.685, "3": 0.6900999999999999, "4": 0.7505, "5": 0.8198}}}}