{"clean": 0.385, "corruptions": {"blur": {"defocus_blur": {"1": 0.39049999999999996, "2": 0.4181, "3": 0.47740000000000005, "4": 0.5662, "5": 0.7105}, "glass_blur": {"1": 0.7958000000000001, "2": 0.79, "3": 0.761, "4": 0.8447, "5": 0.8241}, "motion_blur": {"1": 0.4527, "2": 0.5268999999999999, "3": 0.6091, "4": 0.6038, "5": 0.669}, "zoom_blur": {"1": 0.47840000000000005, "2": 0.5032, "3": 0.5437000000000001, "4": 0.5875, "5": 0.6453}}, "digital": {"contrast": {"1": 0.3941, "2": 0.43879999999999997, "3": 0.4788, "4": 0.5548, "5": 0.7724}, "elastic_transform": {"1": 0.47209999999999996, "2": 0.47550000000000003, "3": 0.5202, "4": 0.6048, "5": 0.6916}, "jpeg_compression": {"1": 0.5288999999999999, "2": 0.5806, "3": 0.6012, "4": 0.619, "5": 0.6475}, "pixelate": {"1": 0.4276, "2": 0.5144, "3": 0.5712999999999999, "4": 0.7394000000000001, "5": 0.8366}}, "noise": {"gaussian_noise": {"1": 0.7359, "2": 0.8731, "3": 0.9355, "4": 0.9521, "5": 0.9651}, "impulse_noise": {"1": 0.6990000000000001, "2": 0.8391, "3": 0.8963, "4": 0.9353, "5": 0.9549}, "shot_noise": {"1": 0.6175999999999999, "2": 0.7482, "3": 0.8883, "4": 0.9207, "5": 0.9504}}, "weather": {"brightness": {"1": 0.39049999999999996, "2": 0.40159999999999996, "3": 0.42310000000000003, "4": 0.4517, "5": 0.5245}, "fog": {"1": 0.3879, "2": 0.4145, "3": 0.4546, "4": 0.5347, "5": 0.7198}, "frost": {"1": 0.4647, "2": 0.5472, "3": 0.6473, "4": 0.6627000000000001, "5": 0.7424}, "snow": {"1": 0.45620000000000005, "2": 0.5792999999999999, "3": 0.5537000000000001, "4": 0.5918, "5": 0.6442}}}}