{"clean": 0.44730000000000003, "corruptions": {"blur": {"defocus_blur": {"1": 0.45489999999999997, "2": 0.49439999999999995, "3": 0.5503, "4": 0.625, "5": 0.7369}, "glass_blur": {"1": 0.8082, "2": 0.7989999999999999, "3": 0.7694, "4": 0.8548, "5": 0.8293}, "motion_blur": {"1": 0.5233, "2": 0.595, "3": 0.6599999999999999, "4": 0.6639999999999999, "5": 0.7161}, "zoom_blur": {"1": 0.5510999999999999, "2": 0.577, "3": 0.6134999999999999, "4": 0.6482, "5": 0.6911}}, "digital": {"contrast": {"1": 0.45420000000000005, "2": 0.5013000000000001, "3": 0.5499, "4": 0.6245, "5": 0.8141}, "elastic_transform": {"1": 0.5476, "2": 0.5462, "3": 0.5892999999999999, "4": 0.6516, "5": 0.7008}, "jpeg_compression": {"1": 0.6072, "2": 0.6595, "3": 0.6757, "4": 0.6948, "5": 0.7189}, "pixelate": {"1": 0.48660000000000003, "2": 0.5684, "3": 0.6162000000000001, "4": 0.7527, "5": 0.8436}}, "noise": {"gaussian_noise": {"1": 0.8306, "2": 0.9325, "3": 0.9646, "4": 0.9727, "5": 0.9778}, "impulse_noise": {"1": 0.8233, "2": 0.9115, "3": 0.9407, "4": 0.9633, "5": 0.9701}, "shot_noise": {"1": 0.7247, "2": 0.8409, "3": 0.9394, "4": 0.9554, "5": 0.9686}}, "weather": {"brightness": {"1": 0.45089999999999997, "2": 0.46199999999999997, "3": 0.48640000000000005, "4": 0.5164, "5": 0.5809}, "fog": {"1": 0.4518, "2": 0.487, "3": 0.5459, "4": 0.6333, "5": 0.8130999999999999}, "frost": {"1": 0.5342, "2": 0.6172, "3": 0.7167, "4": 0.7227, "5": 0.8006}, "snow": {"1": 0.5091, "2": 0.6285000000000001, "3": 0.6077, "4": 0.6429, "5": 0.6990000000000001}}}}