{"clean": 0.4589, "corruptions": {"blur": {"defocus_blur": {"1": 0.4605, "2": 0.4887, "3": 0.5456, "4": 0.6161, "5": 0.7404999999999999}, "glass_blur": {"1": 0.8315, "2": 0.823, "3": 0.7908, "4": 0.8796, "5": 0.8519}, "motion_blur": {"1": 0.5341, "2": 0.6004, "3": 0.6686000000000001, "4": 0.6725, "5": 0.7207}, "zoom_blur": {"1": 0.5429999999999999, "2": 0.5700000000000001, "3": 0.6113999999999999, "4": 0.6438999999999999, "5": 0.6869000000000001}}, "digital": {"contrast": {"1": 0.46309999999999996, "2": 0.49960000000000004, "3": 0.5384, "4": 0.6143000000000001, "5": 0.8140000000000001}, "elastic_transform": {"1": 0.5441, "2": 0.5495, "3": 0.5837, "4": 0.6596, "5": 0.7187}, "jpeg_compression": {"1": 0.5923, "2": 0.636, "3": 0.6512, "4": 0.6652, "5": 0.6906}, "pixelate": {"1": 0.4831, "2": 0.5439, "3": 0.5918, "4": 0.7449, "5": 0.8456}}, "noise": {"gaussian_noise": {"1": 0.8226, "2": 0.917, "3": 0.9548, "4": 0.9667, "5": 0.9746}, "impulse_noise": {"1": 0.7659, "2": 0.8895, "3": 0.9359999999999999, "4": 0.9616, "5": 0.9706}, "shot_noise": {"1": 0.7253000000000001, "2": 0.8311, "3": 0.9238999999999999, "4": 0.9436, "5": 0.9621999999999999}}, "weather": {"brightness": {"1": 0.46099999999999997, "2": 0.47019999999999995, "3": 0.49050000000000005, "4": 0.5172, "5": 0.5819}, "fog": {"1": 0.46540000000000004, "2": 0.486, "3": 0.5238, "4": 0.6085, "5": 0.785}, "frost": {"1": 0.5368999999999999, "2": 0.6141, "3": 0.7101, "4": 0.7170000000000001, "5": 0.7918000000000001}, "snow": {"1": 0.5329999999999999, "2": 0.6535, "3": 0.6255, "4": 0.6456, "5": 0.7028}}}}