{"clean": 0.3687, "corruptions": {"blur": {"defocus_blur": {"1": 0.38180000000000003, "2": 0.4315, "3": 0.5028, "4": 0.5873999999999999, "5": 0.7209}, "glass_blur": {"1": 0.7453000000000001, "2": 0.7381, "3": 0.7014, "4": 0.8102, "5": 0.7892}, "motion_blur": {"1": 0.4628, "2": 0.5434, "3": 0.6219, "4": 0.6164000000000001, "5": 0.6791}, "zoom_blur": {"1": 0.5009, "2": 0.5302, "3": 0.5730999999999999, "4": 0.609, "5": 0.657}}, "digital": {"contrast": {"1": 0.37539999999999996, "2": 0.4276, "3": 0.4635, "4": 0.5335, "5": 0.7536}, "elastic_transform": {"1": 0.48640000000000005, "2": 0.48750000000000004, "3": 0.5417000000000001, "4": 0.6326, "5": 0.6962999999999999}, "jpeg_compression": {"1": 0.5255000000000001, "2": 0.6004, "3": 0.6188, "4": 0.6458999999999999, "5": 0.6804}, "pixelate": {"1": 0.41669999999999996, "2": 0.5061, "3": 0.5680000000000001, "4": 0.7269, "5": 0.8230999999999999}}, "noise": {"gaussian_noise": {"1": 0.7621, "2": 0.902, "3": 0.9501, "4": 0.962, "5": 0.9668}, "impulse_noise": {"1": 0.6914, "2": 0.8348, "3": 0.895, "4": 0.9374, "5": 0.9561}, "shot_noise": {"1": 0.6375, "2": 0.7737, "3": 0.9107, "4": 0.9334, "5": 0.9567}}, "weather": {"brightness": {"1": 0.37470000000000003, "2": 0.38870000000000005, "3": 0.4122, "4": 0.44179999999999997, "5": 0.5159}, "fog": {"1": 0.3749, "2": 0.40469999999999995, "3": 0.4548, "4": 0.5419, "5": 0.7376}, "frost": {"1": 0.45120000000000005, "2": 0.5227999999999999, "3": 0.6119, "4": 0.6313, "5": 0.7105}, "snow": {"1": 0.4363, "2": 0.5329999999999999, "3": 0.5307, "4": 0.573, "5": 0.6208}}}}