{"clean": 0.4162, "corruptions": {"blur": {"defocus_blur": {"1": 0.4225, "2": 0.45809999999999995, "3": 0.5302, "4": 0.6092, "5": 0.7399}, "glass_blur": {"1": 0.7898000000000001, "2": 0.7782, "3": 0.7484, "4": 0.8419, "5": 0.8117}, "motion_blur": {"1": 0.49650000000000005, "2": 0.5701, "3": 0.6438999999999999, "4": 0.6443, "5": 0.6995}, "zoom_blur": {"1": 0.5245, "2": 0.5537000000000001, "3": 0.5976, "4": 0.6348, "5": 0.6856}}, "digital": {"contrast": {"1": 0.4282, "2": 0.46799999999999997, "3": 0.5141, "4": 0.591, "5": 0.8024}, "elastic_transform": {"1": 0.5177, "2": 0.5231, "3": 0.5656, "4": 0.6377999999999999, "5": 0.6966}, "jpeg_compression": {"1": 0.5549999999999999, "2": 0.6128, "3": 0.6371, "4": 0.6544, "5": 0.6880999999999999}, "pixelate": {"1": 0.45740000000000003, "2": 0.5510999999999999, "3": 0.6098, "4": 0.7671, "5": 0.8614999999999999}}, "noise": {"gaussian_noise": {"1": 0.7799, "2": 0.9019, "3": 0.9485, "4": 0.9636, "5": 0.9701}, "impulse_noise": {"1": 0.812, "2": 0.9123, "3": 0.9442, "4": 0.9637, "5": 0.9697}, "shot_noise": {"1": 0.6732, "2": 0.7887, "3": 0.9132, "4": 0.9373, "5": 0.9586}}, "weather": {"brightness": {"1": 0.42169999999999996, "2": 0.4333, "3": 0.45209999999999995, "4": 0.4861, "5": 0.5589999999999999}, "fog": {"1": 0.4172, "2": 0.45309999999999995, "3": 0.5003, "4": 0.5882000000000001, "5": 0.7605}, "frost": {"1": 0.4998, "2": 0.5759000000000001, "3": 0.6711, "4": 0.6845, "5": 0.7625}, "snow": {"1": 0.48229999999999995, "2": 0.5982000000000001, "3": 0.5776, "4": 0.6131, "5": 0.6757}}}}