{"clean": 0.369, "corruptions": {"blur": {"defocus_blur": {"1": 0.38339999999999996, "2": 0.4315, "3": 0.5044, "4": 0.5876, "5": 0.7204999999999999}, "glass_blur": {"1": 0.7485999999999999, "2": 0.7367, "3": 0.7044, "4": 0.8097, "5": 0.7901}, "motion_blur": {"1": 0.4625, "2": 0.5417000000000001, "3": 0.6215999999999999, "4": 0.6132, "5": 0.6769000000000001}, "zoom_blur": {"1": 0.5013000000000001, "2": 0.529, "3": 0.5739000000000001, "4": 0.6095999999999999, "5": 0.6576}}, "digital": {"contrast": {"1": 0.37649999999999995, "2": 0.4253, "3": 0.46230000000000004, "4": 0.5348999999999999, "5": 0.7491}, "elastic_transform": {"1": 0.48450000000000004, "2": 0.48440000000000005, "3": 0.5411, "4": 0.6304000000000001, "5": 0.6952}, "jpeg_compression": {"1": 0.5245, "2": 0.5981000000000001, "3": 0.6181, "4": 0.6437999999999999, "5": 0.6814}, "pixelate": {"1": 0.4181, "2": 0.5046999999999999, "3": 0.5638000000000001, "4": 0.7248, "5": 0.8233}}, "noise": {"gaussian_noise": {"1": 0.7639, "2": 0.9027000000000001, "3": 0.9499, "4": 0.9616, "5": 0.9667}, "impulse_noise": {"1": 0.6919, "2": 0.8355, "3": 0.8947, "4": 0.9387, "5": 0.9563}, "shot_noise": {"1": 0.6372, "2": 0.7746, "3": 0.9106, "4": 0.9343, "5": 0.9566}}, "weather": {"brightness": {"1": 0.37429999999999997, "2": 0.3891, "3": 0.4104, "4": 0.43920000000000003, "5": 0.5158}, "fog": {"1": 0.3749, "2": 0.4061, "3": 0.4547, "4": 0.5414, "5": 0.7351}, "frost": {"1": 0.45220000000000005, "2": 0.5222, "3": 0.6098, "4": 0.6302, "5": 0.7118}, "snow": {"1": 0.4347, "2": 0.5323, "3": 0.5298, "4": 0.5716, "5": 0.6213}}}}