{"clean": 0.3833, "corruptions": {"blur": {"defocus_blur": {"1": 0.39059999999999995, "2": 0.41769999999999996, "3": 0.47840000000000005, "4": 0.5669, "5": 0.7102999999999999}, "glass_blur": {"1": 0.796, "2": 0.7882, "3": 0.7608, "4": 0.8452, "5": 0.8247}, "motion_blur": {"1": 0.45109999999999995, "2": 0.5267, "3": 0.6063000000000001, "4": 0.6032, "5": 0.6703}, "zoom_blur": {"1": 0.48109999999999997, "2": 0.505, "3": 0.5435, "4": 0.5872999999999999, "5": 0.6462}}, "digital": {"contrast": {"1": 0.39239999999999997, "2": 0.43589999999999995, "3": 0.47750000000000004, "4": 0.5528, "5": 0.7735}, "elastic_transform": {"1": 0.4718, "2": 0.47409999999999997, "3": 0.5203, "4": 0.6056, "5": 0.6932}, "jpeg_compression": {"1": 0.5295000000000001, "2": 0.5803, "3": 0.6013999999999999, "4": 0.6167, "5": 0.6492}, "pixelate": {"1": 0.42600000000000005, "2": 0.5141, "3": 0.5724, "4": 0.7401, "5": 0.838}}, "noise": {"gaussian_noise": {"1": 0.7335, "2": 0.8725, "3": 0.9335, "4": 0.9513, "5": 0.9651}, "impulse_noise": {"1": 0.6950000000000001, "2": 0.8387, "3": 0.8949, "4": 0.9347, "5": 0.9552}, "shot_noise": {"1": 0.6192, "2": 0.749, "3": 0.8883, "4": 0.9197, "5": 0.9502}}, "weather": {"brightness": {"1": 0.38880000000000003, "2": 0.401, "3": 0.4243, "4": 0.4505, "5": 0.5244}, "fog": {"1": 0.3891, "2": 0.4161, "3": 0.4538, "4": 0.5354, "5": 0.7224999999999999}, "frost": {"1": 0.46509999999999996, "2": 0.5466, "3": 0.6468, "4": 0.6649, "5": 0.7432000000000001}, "snow": {"1": 0.4568, "2": 0.5794, "3": 0.5566, "4": 0.5899, "5": 0.6455}}}}