{"clean": 0.2583, "corruptions": {"blur": {"defocus_blur": {"1": 0.2633, "2": 0.29279999999999995, "3": 0.34730000000000005, "4": 0.40459999999999996, "5": 0.5139}, "glass_blur": {"1": 0.7155, "2": 0.7047, "3": 0.6622, "4": 0.7559, "5": 0.7296}, "motion_blur": {"1": 0.31689999999999996, "2": 0.38270000000000004, "3": 0.4556, "4": 0.45499999999999996, "5": 0.5255000000000001}, "zoom_blur": {"1": 0.34109999999999996, "2": 0.36819999999999997, "3": 0.3972, "4": 0.4337, "5": 0.47829999999999995}}, "digital": {"contrast": {"1": 0.2741, "2": 0.36739999999999995, "3": 0.4526, "4": 0.5771999999999999, "5": 0.7642}, "elastic_transform": {"1": 0.33699999999999997, "2": 0.3406, "3": 0.37050000000000005, "4": 0.4021, "5": 0.4325}, "jpeg_compression": {"1": 0.3125, "2": 0.3346, "3": 0.34540000000000004, "4": 0.35540000000000005, "5": 0.3711}, "pixelate": {"1": 0.28359999999999996, "2": 0.3034, "3": 0.31499999999999995, "4": 0.36019999999999996, "5": 0.4317}}, "noise": {"gaussian_noise": {"1": 0.5831, "2": 0.7792, "3": 0.8496, "4": 0.8699, "5": 0.8804}, "impulse_noise": {"1": 0.41059999999999997, "2": 0.5404, "3": 0.6504, "4": 0.7853, "5": 0.8493999999999999}, "shot_noise": {"1": 0.4336, "2": 0.6026, "3": 0.8064, "4": 0.8417, "5": 0.8739}}, "weather": {"brightness": {"1": 0.25860000000000005, "2": 0.2633, "3": 0.2771, "4": 0.28569999999999995, "5": 0.3214}, "fog": {"1": 0.263, "2": 0.2872, "3": 0.3256, "4": 0.38580000000000003, "5": 0.5218}, "frost": {"1": 0.30189999999999995, "2": 0.3578, "3": 0.4434, "4": 0.46099999999999997, "5": 0.5415}, "snow": {"1": 0.32520000000000004, "2": 0.46430000000000005, "3": 0.4274, "4": 0.4395, "5": 0.47009999999999996}}}}