{"clean": 0.24429999999999996, "corruptions": {"blur": {"defocus_blur": {"1": 0.25139999999999996, "2": 0.2792, "3": 0.32720000000000005, "4": 0.3829, "5": 0.48750000000000004}, "glass_blur": {"1": 0.6852, "2": 0.6794, "3": 0.6283000000000001, "4": 0.7389, "5": 0.7115}, "motion_blur": {"1": 0.3067, "2": 0.3649, "3": 0.4326, "4": 0.43979999999999997, "5": 0.49560000000000004}, "zoom_blur": {"1": 0.31920000000000004, "2": 0.34099999999999997, "3": 0.374, "4": 0.4054, "5": 0.4526}}, "digital": {"contrast": {"1": 0.262, "2": 0.3496, "3": 0.42989999999999995, "4": 0.5530999999999999, "5": 0.7579}, "elastic_transform": {"1": 0.32420000000000004, "2": 0.33030000000000004, "3": 0.35150000000000003, "4": 0.38649999999999995, "5": 0.4255}, "jpeg_compression": {"1": 0.29769999999999996, "2": 0.32889999999999997, "3": 0.33840000000000003, "4": 0.351, "5": 0.36739999999999995}, "pixelate": {"1": 0.26770000000000005, "2": 0.28869999999999996, "3": 0.29569999999999996, "4": 0.33399999999999996, "5": 0.4103}}, "noise": {"gaussian_noise": {"1": 0.5450999999999999, "2": 0.7479, "3": 0.834, "4": 0.8559, "5": 0.8676}, "impulse_noise": {"1": 0.4619, "2": 0.5681, "3": 0.6542, "4": 0.7635000000000001, "5": 0.8200000000000001}, "shot_noise": {"1": 0.40249999999999997, "2": 0.5569, "3": 0.7713, "4": 0.8198, "5": 0.8591}}, "weather": {"brightness": {"1": 0.24509999999999998, "2": 0.2502, "3": 0.25680000000000003, "4": 0.2653, "5": 0.2915}, "fog": {"1": 0.25370000000000004, "2": 0.279, "3": 0.3126, "4": 0.37760000000000005, "5": 0.5261}, "frost": {"1": 0.28259999999999996, "2": 0.3378, "3": 0.41869999999999996, "4": 0.4346, "5": 0.5096}, "snow": {"1": 0.3077, "2": 0.43279999999999996, "3": 0.40290000000000004, "4": 0.4162, "5": 0.4427}}}}