{"clean": 0.38670000000000004, "corruptions": {"blur": {"defocus_blur": {"1": 0.3839, "2": 0.39970000000000006, "3": 0.4394, "4": 0.4829, "5": 0.5656}, "glass_blur": {"1": 0.7022999999999999, "2": 0.6927, "3": 0.6461, "4": 0.7374, "5": 0.7075}, "motion_blur": {"1": 0.43000000000000005, "2": 0.4777, "3": 0.5235000000000001, "4": 0.5233, "5": 0.5665}, "zoom_blur": {"1": 0.43189999999999995, "2": 0.45220000000000005, "3": 0.4778, "4": 0.506, "5": 0.5318}}, "digital": {"contrast": {"1": 0.28600000000000003, "2": 0.3496, "3": 0.43220000000000003, "4": 0.5490999999999999, "5": 0.7255}, "elastic_transform": {"1": 0.45199999999999996, "2": 0.45109999999999995, "3": 0.4697, "4": 0.4941, "5": 0.517}, "jpeg_compression": {"1": 0.4697, "2": 0.4991, "3": 0.5113, "4": 0.5272, "5": 0.5354}, "pixelate": {"1": 0.3869, "2": 0.3991, "3": 0.40559999999999996, "4": 0.4286, "5": 0.48729999999999996}}, "noise": {"gaussian_noise": {"1": 0.7212000000000001, "2": 0.8447, "3": 0.8833, "4": 0.8855999999999999, "5": 0.8939}, "impulse_noise": {"1": 0.5037, "2": 0.5911, "3": 0.6696, "4": 0.7795, "5": 0.8377}, "shot_noise": {"1": 0.5852999999999999, "2": 0.7257, "3": 0.8553, "4": 0.87, "5": 0.8878}}, "weather": {"brightness": {"1": 0.39180000000000004, "2": 0.4184, "3": 0.45209999999999995, "4": 0.4959, "5": 0.5808}, "fog": {"1": 0.3005, "2": 0.28659999999999997, "3": 0.3137, "4": 0.3742, "5": 0.5241}, "frost": {"1": 0.474, "2": 0.5721, "3": 0.6368, "4": 0.622, "5": 0.6585}, "snow": {"1": 0.4615, "2": 0.5791, "3": 0.5726, "4": 0.5935, "5": 0.6436999999999999}}}}