{"clean": 0.2825, "corruptions": {"blur": {"defocus_blur": {"1": 0.29569999999999996, "2": 0.33099999999999996, "3": 0.37849999999999995, "4": 0.4335, "5": 0.5363}, "glass_blur": {"1": 0.6171, "2": 0.6048, "3": 0.5582, "4": 0.6796, "5": 0.6484}, "motion_blur": {"1": 0.34540000000000004, "2": 0.4082, "3": 0.47550000000000003, "4": 0.47640000000000005, "5": 0.5368999999999999}, "zoom_blur": {"1": 0.3688, "2": 0.39339999999999997, "3": 0.4234, "4": 0.4569, "5": 0.4952}}, "digital": {"contrast": {"1": 0.30920000000000003, "2": 0.4112, "3": 0.5002, "4": 0.6155999999999999, "5": 0.7645}, "elastic_transform": {"1": 0.371, "2": 0.377, "3": 0.40780000000000005, "4": 0.43889999999999996, "5": 0.46009999999999995}, "jpeg_compression": {"1": 0.3317, "2": 0.36439999999999995, "3": 0.3822, "4": 0.3889, "5": 0.41259999999999997}, "pixelate": {"1": 0.3146, "2": 0.3457, "3": 0.35050000000000003, "4": 0.39039999999999997, "5": 0.4605}}, "noise": {"gaussian_noise": {"1": 0.5417000000000001, "2": 0.7363999999999999, "3": 0.8230999999999999, "4": 0.8464, "5": 0.8579}, "impulse_noise": {"1": 0.5251, "2": 0.6271, "3": 0.7052, "4": 0.8005, "5": 0.846}, "shot_noise": {"1": 0.41690000000000005, "2": 0.5514, "3": 0.7554, "4": 0.7998000000000001, "5": 0.8431}}, "weather": {"brightness": {"1": 0.28259999999999996, "2": 0.2893, "3": 0.2995, "4": 0.3116, "5": 0.34619999999999995}, "fog": {"1": 0.2914, "2": 0.32399999999999995, "3": 0.36739999999999995, "4": 0.42390000000000005, "5": 0.5653}, "frost": {"1": 0.3114, "2": 0.35850000000000004, "3": 0.4327, "4": 0.4376, "5": 0.5138}, "snow": {"1": 0.32699999999999996, "2": 0.42510000000000003, "3": 0.42369999999999997, "4": 0.43320000000000003, "5": 0.45999999999999996}}}}