{"clean": 0.24309999999999998, "corruptions": {"blur": {"defocus_blur": {"1": 0.24660000000000004, "2": 0.27470000000000006, "3": 0.3247, "4": 0.38160000000000005, "5": 0.48719999999999997}, "glass_blur": {"1": 0.6812, "2": 0.6698, "3": 0.6174, "4": 0.7321, "5": 0.6976}, "motion_blur": {"1": 0.2984, "2": 0.3619, "3": 0.4275, "4": 0.4323, "5": 0.48619999999999997}, "zoom_blur": {"1": 0.32189999999999996, "2": 0.34030000000000005, "3": 0.3779, "4": 0.40869999999999995, "5": 0.44530000000000003}}, "digital": {"contrast": {"1": 0.2573, "2": 0.3375, "3": 0.41890000000000005, "4": 0.5326, "5": 0.7329}, "elastic_transform": {"1": 0.3227, "2": 0.3235, "3": 0.35450000000000004, "4": 0.38470000000000004, "5": 0.43089999999999995}, "jpeg_compression": {"1": 0.29479999999999995, "2": 0.31920000000000004, "3": 0.33199999999999996, "4": 0.3457, "5": 0.36629999999999996}, "pixelate": {"1": 0.2589, "2": 0.28359999999999996, "3": 0.29400000000000004, "4": 0.3366, "5": 0.4143}}, "noise": {"gaussian_noise": {"1": 0.5468999999999999, "2": 0.7403, "3": 0.8219, "4": 0.8462000000000001, "5": 0.8614999999999999}, "impulse_noise": {"1": 0.39590000000000003, "2": 0.5146999999999999, "3": 0.6169, "4": 0.7522, "5": 0.8284}, "shot_noise": {"1": 0.39859999999999995, "2": 0.5605, "3": 0.7775, "4": 0.8159, "5": 0.8566}}, "weather": {"brightness": {"1": 0.24329999999999996, "2": 0.24660000000000004, "3": 0.2552, "4": 0.26439999999999997, "5": 0.30700000000000005}, "fog": {"1": 0.24509999999999998, "2": 0.26649999999999996, "3": 0.2994, "4": 0.35950000000000004, "5": 0.5063}, "frost": {"1": 0.2872, "2": 0.33840000000000003, "3": 0.42190000000000005, "4": 0.4373, "5": 0.5198}, "snow": {"1": 0.3006, "2": 0.42100000000000004, "3": 0.3909, "4": 0.40359999999999996, "5": 0.44120000000000004}}}}