{"clean": 0.2521, "corruptions": {"blur": {"defocus_blur": {"1": 0.257, "2": 0.27749999999999997, "3": 0.3234, "4": 0.37649999999999995, "5": 0.47419999999999995}, "glass_blur": {"1": 0.6685, "2": 0.6587000000000001, "3": 0.606, "4": 0.7213, "5": 0.6909000000000001}, "motion_blur": {"1": 0.30169999999999997, "2": 0.36460000000000004, "3": 0.4253, "4": 0.42869999999999997, "5": 0.48829999999999996}, "zoom_blur": {"1": 0.3154, "2": 0.33440000000000003, "3": 0.36450000000000005, "4": 0.4012, "5": 0.44189999999999996}}, "digital": {"contrast": {"1": 0.2659, "2": 0.3648, "3": 0.4596, "4": 0.5788, "5": 0.7574}, "elastic_transform": {"1": 0.3216, "2": 0.32630000000000003, "3": 0.35140000000000005, "4": 0.38280000000000003, "5": 0.4183}, "jpeg_compression": {"1": 0.30100000000000005, "2": 0.3276, "3": 0.3386, "4": 0.34640000000000004, "5": 0.365}, "pixelate": {"1": 0.27149999999999996, "2": 0.2882, "3": 0.29910000000000003, "4": 0.32709999999999995, "5": 0.4075}}, "noise": {"gaussian_noise": {"1": 0.5849, "2": 0.7731, "3": 0.8503000000000001, "4": 0.8694999999999999, "5": 0.8792}, "impulse_noise": {"1": 0.5113, "2": 0.6009, "3": 0.6755, "4": 0.7807, "5": 0.8338}, "shot_noise": {"1": 0.4285, "2": 0.5946, "3": 0.7963, "4": 0.8381000000000001, "5": 0.8693}}, "weather": {"brightness": {"1": 0.2521, "2": 0.25460000000000005, "3": 0.2611, "4": 0.26849999999999996, "5": 0.3026}, "fog": {"1": 0.255, "2": 0.2803, "3": 0.31420000000000003, "4": 0.37460000000000004, "5": 0.5157}, "frost": {"1": 0.28380000000000005, "2": 0.34030000000000005, "3": 0.4226, "4": 0.43820000000000003, "5": 0.5223}, "snow": {"1": 0.30779999999999996, "2": 0.42169999999999996, "3": 0.4013, "4": 0.4142, "5": 0.44179999999999997}}}}