{"clean": 0.27759999999999996, "corruptions": {"blur": {"defocus_blur": {"1": 0.2875, "2": 0.31810000000000005, "3": 0.36260000000000003, "4": 0.41700000000000004, "5": 0.5078}, "glass_blur": {"1": 0.6154, "2": 0.6042000000000001, "3": 0.5554, "4": 0.6769000000000001, "5": 0.6478999999999999}, "motion_blur": {"1": 0.3345, "2": 0.3923, "3": 0.4588, "4": 0.4597, "5": 0.516}, "zoom_blur": {"1": 0.35329999999999995, "2": 0.3772, "3": 0.4103, "4": 0.4347, "5": 0.4736}}, "digital": {"contrast": {"1": 0.30200000000000005, "2": 0.40280000000000005, "3": 0.49229999999999996, "4": 0.6041000000000001, "5": 0.7543}, "elastic_transform": {"1": 0.3599, "2": 0.3657, "3": 0.3913, "4": 0.4266, "5": 0.44920000000000004}, "jpeg_compression": {"1": 0.3298, "2": 0.36029999999999995, "3": 0.37860000000000005, "4": 0.3872, "5": 0.4074}, "pixelate": {"1": 0.31189999999999996, "2": 0.34209999999999996, "3": 0.34740000000000004, "4": 0.3889, "5": 0.45899999999999996}}, "noise": {"gaussian_noise": {"1": 0.5432, "2": 0.7353000000000001, "3": 0.8238, "4": 0.846, "5": 0.8597}, "impulse_noise": {"1": 0.5253, "2": 0.6304000000000001, "3": 0.7075, "4": 0.8017, "5": 0.8449}, "shot_noise": {"1": 0.4173, "2": 0.5517000000000001, "3": 0.7563, "4": 0.8002, "5": 0.8425}}, "weather": {"brightness": {"1": 0.27590000000000003, "2": 0.28400000000000003, "3": 0.29390000000000005, "4": 0.30569999999999997, "5": 0.34140000000000004}, "fog": {"1": 0.28300000000000003, "2": 0.3196, "3": 0.35740000000000005, "4": 0.4133, "5": 0.5577}, "frost": {"1": 0.3115, "2": 0.35509999999999997, "3": 0.43079999999999996, "4": 0.43889999999999996, "5": 0.514}, "snow": {"1": 0.32630000000000003, "2": 0.4273, "3": 0.42300000000000004, "4": 0.43400000000000005, "5": 0.4617}}}}