{"clean": 0.2532, "corruptions": {"blur": {"defocus_blur": {"1": 0.25349999999999995, "2": 0.27980000000000005, "3": 0.3277, "4": 0.3799, "5": 0.48009999999999997}, "glass_blur": {"1": 0.6794, "2": 0.6700999999999999, "3": 0.6173, "4": 0.7318, "5": 0.6972}, "motion_blur": {"1": 0.30000000000000004, "2": 0.36140000000000005, "3": 0.4266, "4": 0.42989999999999995, "5": 0.489}, "zoom_blur": {"1": 0.3217, "2": 0.3396, "3": 0.3689, "4": 0.40190000000000003, "5": 0.4457}}, "digital": {"contrast": {"1": 0.26359999999999995, "2": 0.3558, "3": 0.4477, "4": 0.5625, "5": 0.7535000000000001}, "elastic_transform": {"1": 0.32599999999999996, "2": 0.3256, "3": 0.35240000000000005, "4": 0.38260000000000005, "5": 0.4112}, "jpeg_compression": {"1": 0.29690000000000005, "2": 0.32999999999999996, "3": 0.3327, "4": 0.34540000000000004, "5": 0.36140000000000005}, "pixelate": {"1": 0.2691, "2": 0.28990000000000005, "3": 0.3002, "4": 0.33530000000000004, "5": 0.41290000000000004}}, "noise": {"gaussian_noise": {"1": 0.5784, "2": 0.7682, "3": 0.8451, "4": 0.863, "5": 0.8775}, "impulse_noise": {"1": 0.42110000000000003, "2": 0.5352, "3": 0.6327, "4": 0.7646999999999999, "5": 0.8375}, "shot_noise": {"1": 0.42969999999999997, "2": 0.5962000000000001, "3": 0.7981, "4": 0.8356, "5": 0.8713}}, "weather": {"brightness": {"1": 0.25229999999999997, "2": 0.26039999999999996, "3": 0.2662, "4": 0.2794, "5": 0.31920000000000004}, "fog": {"1": 0.25049999999999994, "2": 0.27259999999999995, "3": 0.3054, "4": 0.36050000000000004, "5": 0.504}, "frost": {"1": 0.29359999999999997, "2": 0.35819999999999996, "3": 0.44799999999999995, "4": 0.45930000000000004, "5": 0.5343}, "snow": {"1": 0.31089999999999995, "2": 0.4386, "3": 0.40569999999999995, "4": 0.42010000000000003, "5": 0.45309999999999995}}}}