{"clean": 0.25670000000000004, "corruptions": {"blur": {"defocus_blur": {"1": 0.26070000000000004, "2": 0.28859999999999997, "3": 0.3365, "4": 0.3964, "5": 0.4962}, "glass_blur": {"1": 0.6698, "2": 0.6629, "3": 0.6152, "4": 0.7247, "5": 0.6949000000000001}, "motion_blur": {"1": 0.30879999999999996, "2": 0.37529999999999997, "3": 0.4375, "4": 0.4405, "5": 0.4998}, "zoom_blur": {"1": 0.32830000000000004, "2": 0.34940000000000004, "3": 0.3811, "4": 0.4133, "5": 0.4566}}, "digital": {"contrast": {"1": 0.27180000000000004, "2": 0.37770000000000004, "3": 0.4689, "4": 0.5858, "5": 0.7556}, "elastic_transform": {"1": 0.3367, "2": 0.34219999999999995, "3": 0.36450000000000005, "4": 0.3974, "5": 0.4285}, "jpeg_compression": {"1": 0.30200000000000005, "2": 0.33499999999999996, "3": 0.34609999999999996, "4": 0.354, "5": 0.3761}, "pixelate": {"1": 0.27249999999999996, "2": 0.2915, "3": 0.29969999999999997, "4": 0.33130000000000004, "5": 0.4072}}, "noise": {"gaussian_noise": {"1": 0.5858, "2": 0.7738, "3": 0.8512, "4": 0.8705, "5": 0.8801}, "impulse_noise": {"1": 0.5115000000000001, "2": 0.5991, "3": 0.6778, "4": 0.7805, "5": 0.8363}, "shot_noise": {"1": 0.42979999999999996, "2": 0.5971, "3": 0.7976, "4": 0.8389, "5": 0.8707}}, "weather": {"brightness": {"1": 0.25770000000000004, "2": 0.259, "3": 0.26649999999999996, "4": 0.27349999999999997, "5": 0.3076}, "fog": {"1": 0.26180000000000003, "2": 0.2871, "3": 0.32589999999999997, "4": 0.3863, "5": 0.5327}, "frost": {"1": 0.28779999999999994, "2": 0.34550000000000003, "3": 0.43069999999999997, "4": 0.4393, "5": 0.5277000000000001}, "snow": {"1": 0.31179999999999997, "2": 0.42679999999999996, "3": 0.4053, "4": 0.4163, "5": 0.45120000000000005}}}}