{"clean": 0.23950000000000005, "corruptions": {"blur": {"defocus_blur": {"1": 0.24239999999999995, "2": 0.2703, "3": 0.31820000000000004, "4": 0.37549999999999994, "5": 0.478}, "glass_blur": {"1": 0.6683, "2": 0.6556, "3": 0.6019, "4": 0.7247, "5": 0.6897}, "motion_blur": {"1": 0.29369999999999996, "2": 0.3556, "3": 0.4256, "4": 0.4274, "5": 0.4858}, "zoom_blur": {"1": 0.3153, "2": 0.3378, "3": 0.36719999999999997, "4": 0.3994, "5": 0.43889999999999996}}, "digital": {"contrast": {"1": 0.25539999999999996, "2": 0.34340000000000004, "3": 0.42989999999999995, "4": 0.5462, "5": 0.7258}, "elastic_transform": {"1": 0.31699999999999995, "2": 0.3218, "3": 0.3477, "4": 0.3759, "5": 0.4103}, "jpeg_compression": {"1": 0.2914, "2": 0.3227, "3": 0.32820000000000005, "4": 0.3408, "5": 0.35650000000000004}, "pixelate": {"1": 0.25329999999999997, "2": 0.28259999999999996, "3": 0.2883, "4": 0.33199999999999996, "5": 0.4122}}, "noise": {"gaussian_noise": {"1": 0.5416000000000001, "2": 0.7462, "3": 0.8302, "4": 0.8535, "5": 0.8677}, "impulse_noise": {"1": 0.4061, "2": 0.5224, "3": 0.6382, "4": 0.7818, "5": 0.85}, "shot_noise": {"1": 0.3974, "2": 0.5582, "3": 0.7776000000000001, "4": 0.8213, "5": 0.8616}}, "weather": {"brightness": {"1": 0.24109999999999998, "2": 0.24550000000000005, "3": 0.25539999999999996, "4": 0.26780000000000004, "5": 0.30510000000000004}, "fog": {"1": 0.24219999999999997, "2": 0.26470000000000005, "3": 0.29890000000000005, "4": 0.36040000000000005, "5": 0.5035000000000001}, "frost": {"1": 0.2852, "2": 0.3406, "3": 0.42989999999999995, "4": 0.44020000000000004, "5": 0.5204}, "snow": {"1": 0.2955, "2": 0.4195, "3": 0.391, "4": 0.39990000000000003, "5": 0.43279999999999996}}}}