{"clean": 0.2581, "corruptions": {"blur": {"defocus_blur": {"1": 0.26380000000000003, "2": 0.29090000000000005, "3": 0.3489, "4": 0.40559999999999996, "5": 0.5114000000000001}, "glass_blur": {"1": 0.716, "2": 0.7059, "3": 0.6638999999999999, "4": 0.7563, "5": 0.7308}, "motion_blur": {"1": 0.31999999999999995, "2": 0.3811, "3": 0.4525, "4": 0.45430000000000004, "5": 0.5252}, "zoom_blur": {"1": 0.34009999999999996, "2": 0.36560000000000004, "3": 0.39590000000000003, "4": 0.4294, "5": 0.47650000000000003}}, "digital": {"contrast": {"1": 0.2734, "2": 0.3661, "3": 0.45109999999999995, "4": 0.5759000000000001, "5": 0.7602}, "elastic_transform": {"1": 0.3357, "2": 0.34109999999999996, "3": 0.37, "4": 0.4014, "5": 0.43389999999999995}, "jpeg_compression": {"1": 0.31020000000000003, "2": 0.3339, "3": 0.3437, "4": 0.3528, "5": 0.3709}, "pixelate": {"1": 0.2834, "2": 0.30589999999999995, "3": 0.31379999999999997, "4": 0.3618, "5": 0.43179999999999996}}, "noise": {"gaussian_noise": {"1": 0.5851, "2": 0.7784, "3": 0.8495, "4": 0.8696, "5": 0.88}, "impulse_noise": {"1": 0.41100000000000003, "2": 0.5419, "3": 0.65, "4": 0.7866, "5": 0.8495}, "shot_noise": {"1": 0.43289999999999995, "2": 0.6042000000000001, "3": 0.8071, "4": 0.8422000000000001, "5": 0.8741}}, "weather": {"brightness": {"1": 0.25749999999999995, "2": 0.26449999999999996, "3": 0.27580000000000005, "4": 0.2872, "5": 0.32220000000000004}, "fog": {"1": 0.2623, "2": 0.2885, "3": 0.3284, "4": 0.3852, "5": 0.5218}, "frost": {"1": 0.30289999999999995, "2": 0.35660000000000003, "3": 0.4445, "4": 0.4596, "5": 0.5397000000000001}, "snow": {"1": 0.3248, "2": 0.4639, "3": 0.4272, "4": 0.44010000000000005, "5": 0.47019999999999995}}}}