{"clean": 0.243, "corruptions": {"blur": {"defocus_blur": {"1": 0.2491, "2": 0.2772, "3": 0.3238, "4": 0.3811, "5": 0.4837}, "glass_blur": {"1": 0.6819999999999999, "2": 0.6709, "3": 0.6173, "4": 0.7318, "5": 0.6982999999999999}, "motion_blur": {"1": 0.2984, "2": 0.36029999999999995, "3": 0.4252, "4": 0.4313, "5": 0.4848}, "zoom_blur": {"1": 0.32030000000000003, "2": 0.33930000000000005, "3": 0.3771, "4": 0.4063, "5": 0.44099999999999995}}, "digital": {"contrast": {"1": 0.25780000000000003, "2": 0.3378, "3": 0.41569999999999996, "4": 0.5328999999999999, "5": 0.7284999999999999}, "elastic_transform": {"1": 0.32199999999999995, "2": 0.32289999999999996, "3": 0.3519, "4": 0.3839, "5": 0.43189999999999995}, "jpeg_compression": {"1": 0.2923, "2": 0.3188, "3": 0.3326, "4": 0.34750000000000003, "5": 0.36850000000000005}, "pixelate": {"1": 0.2603, "2": 0.28280000000000005, "3": 0.29359999999999997, "4": 0.33620000000000005, "5": 0.41469999999999996}}, "noise": {"gaussian_noise": {"1": 0.5495, "2": 0.74, "3": 0.8225, "4": 0.8454, "5": 0.8622}, "impulse_noise": {"1": 0.3954, "2": 0.5153, "3": 0.6174, "4": 0.752, "5": 0.8277}, "shot_noise": {"1": 0.3983, "2": 0.5606, "3": 0.7751, "4": 0.8156, "5": 0.8573}}, "weather": {"brightness": {"1": 0.24409999999999998, "2": 0.24450000000000005, "3": 0.25470000000000004, "4": 0.265, "5": 0.30389999999999995}, "fog": {"1": 0.2469, "2": 0.2652, "3": 0.2983, "4": 0.35750000000000004, "5": 0.5039}, "frost": {"1": 0.28559999999999997, "2": 0.3389, "3": 0.42179999999999995, "4": 0.4363, "5": 0.521}, "snow": {"1": 0.3012, "2": 0.41979999999999995, "3": 0.39149999999999996, "4": 0.40469999999999995, "5": 0.43820000000000003}}}}