{"clean": 0.23460000000000003, "corruptions": {"blur": {"defocus_blur": {"1": 0.23870000000000002, "2": 0.27080000000000004, "3": 0.3144, "4": 0.3659, "5": 0.4668}, "glass_blur": {"1": 0.6743, "2": 0.6657, "3": 0.6114999999999999, "4": 0.7292000000000001, "5": 0.6984}, "motion_blur": {"1": 0.29479999999999995, "2": 0.349, "3": 0.41600000000000004, "4": 0.4225, "5": 0.47840000000000005}, "zoom_blur": {"1": 0.30889999999999995, "2": 0.3297, "3": 0.3617, "4": 0.39149999999999996, "5": 0.42989999999999995}}, "digital": {"contrast": {"1": 0.24580000000000002, "2": 0.3164, "3": 0.38580000000000003, "4": 0.5022, "5": 0.7192000000000001}, "elastic_transform": {"1": 0.3174, "2": 0.31920000000000004, "3": 0.3438, "4": 0.37660000000000005, "5": 0.4141}, "jpeg_compression": {"1": 0.2854, "2": 0.3215, "3": 0.33440000000000003, "4": 0.34440000000000004, "5": 0.3588}, "pixelate": {"1": 0.259, "2": 0.27959999999999996, "3": 0.2901, "4": 0.32699999999999996, "5": 0.40049999999999997}}, "noise": {"gaussian_noise": {"1": 0.5589, "2": 0.7659, "3": 0.8398, "4": 0.8604, "5": 0.869}, "impulse_noise": {"1": 0.4821, "2": 0.6074999999999999, "3": 0.7036, "4": 0.8118, "5": 0.8625}, "shot_noise": {"1": 0.40269999999999995, "2": 0.5676, "3": 0.789, "4": 0.8308, "5": 0.8625}}, "weather": {"brightness": {"1": 0.23750000000000004, "2": 0.24339999999999995, "3": 0.24870000000000003, "4": 0.25770000000000004, "5": 0.28500000000000003}, "fog": {"1": 0.23850000000000005, "2": 0.2539, "3": 0.2884, "4": 0.3426, "5": 0.4841}, "frost": {"1": 0.274, "2": 0.3284, "3": 0.40290000000000004, "4": 0.4213, "5": 0.49529999999999996}, "snow": {"1": 0.29490000000000005, "2": 0.4075, "3": 0.3882, "4": 0.39659999999999995, "5": 0.43189999999999995}}}}