{"clean": 0.25260000000000005, "corruptions": {"blur": {"defocus_blur": {"1": 0.25229999999999997, "2": 0.27759999999999996, "3": 0.32899999999999996, "4": 0.381, "5": 0.4786}, "glass_blur": {"1": 0.6783, "2": 0.669, "3": 0.6177, "4": 0.7311000000000001, "5": 0.6969000000000001}, "motion_blur": {"1": 0.29910000000000003, "2": 0.36419999999999997, "3": 0.42800000000000005, "4": 0.43189999999999995, "5": 0.49050000000000005}, "zoom_blur": {"1": 0.3195, "2": 0.3396, "3": 0.3668, "4": 0.401, "5": 0.44510000000000005}}, "digital": {"contrast": {"1": 0.26270000000000004, "2": 0.35629999999999995, "3": 0.44489999999999996, "4": 0.5609999999999999, "5": 0.7504}, "elastic_transform": {"1": 0.32509999999999994, "2": 0.3255, "3": 0.35040000000000004, "4": 0.38029999999999997, "5": 0.40759999999999996}, "jpeg_compression": {"1": 0.2993, "2": 0.3304, "3": 0.3325, "4": 0.34409999999999996, "5": 0.3627}, "pixelate": {"1": 0.26980000000000004, "2": 0.28969999999999996, "3": 0.29869999999999997, "4": 0.3339, "5": 0.4115}}, "noise": {"gaussian_noise": {"1": 0.5774, "2": 0.7672, "3": 0.8447, "4": 0.8626, "5": 0.8776}, "impulse_noise": {"1": 0.42169999999999996, "2": 0.5338, "3": 0.6315, "4": 0.7643, "5": 0.8366}, "shot_noise": {"1": 0.4292, "2": 0.5949, "3": 0.7982, "4": 0.8356, "5": 0.8714}}, "weather": {"brightness": {"1": 0.253, "2": 0.26180000000000003, "3": 0.2672, "4": 0.27880000000000005, "5": 0.31599999999999995}, "fog": {"1": 0.24950000000000006, "2": 0.2731, "3": 0.30369999999999997, "4": 0.35760000000000003, "5": 0.5005}, "frost": {"1": 0.2922, "2": 0.35860000000000003, "3": 0.44930000000000003, "4": 0.4598, "5": 0.5334}, "snow": {"1": 0.30989999999999995, "2": 0.4364, "3": 0.40480000000000005, "4": 0.4213, "5": 0.4516}}}}