{"clean": 0.2388, "corruptions": {"blur": {"defocus_blur": {"1": 0.2469, "2": 0.27849999999999997, "3": 0.3319, "4": 0.38870000000000005, "5": 0.48719999999999997}, "glass_blur": {"1": 0.6727000000000001, "2": 0.6621, "3": 0.6078, "4": 0.7295, "5": 0.6976}, "motion_blur": {"1": 0.3056, "2": 0.36550000000000005, "3": 0.4324, "4": 0.4393, "5": 0.49439999999999995}, "zoom_blur": {"1": 0.32099999999999995, "2": 0.3426, "3": 0.37539999999999996, "4": 0.4103, "5": 0.44989999999999997}}, "digital": {"contrast": {"1": 0.25460000000000005, "2": 0.33199999999999996, "3": 0.40480000000000005, "4": 0.524, "5": 0.7173}, "elastic_transform": {"1": 0.3257, "2": 0.3274, "3": 0.35519999999999996, "4": 0.38970000000000005, "5": 0.4282}, "jpeg_compression": {"1": 0.2885, "2": 0.32689999999999997, "3": 0.33999999999999997, "4": 0.35109999999999997, "5": 0.3667}, "pixelate": {"1": 0.262, "2": 0.28159999999999996, "3": 0.2955, "4": 0.3304, "5": 0.403}}, "noise": {"gaussian_noise": {"1": 0.5564, "2": 0.7618, "3": 0.8383, "4": 0.8583000000000001, "5": 0.8666}, "impulse_noise": {"1": 0.4861, "2": 0.6056, "3": 0.6967, "4": 0.8088, "5": 0.8644000000000001}, "shot_noise": {"1": 0.39970000000000006, "2": 0.5638000000000001, "3": 0.7854, "4": 0.8282, "5": 0.859}}, "weather": {"brightness": {"1": 0.241, "2": 0.2481, "3": 0.25470000000000004, "4": 0.2601, "5": 0.2924}, "fog": {"1": 0.24509999999999998, "2": 0.26580000000000004, "3": 0.29679999999999995, "4": 0.3556, "5": 0.495}, "frost": {"1": 0.27590000000000003, "2": 0.32999999999999996, "3": 0.3993, "4": 0.4181, "5": 0.49260000000000004}, "snow": {"1": 0.29779999999999995, "2": 0.405, "3": 0.38949999999999996, "4": 0.39449999999999996, "5": 0.42879999999999996}}}}