{"clean": 0.24939999999999996, "corruptions": {"blur": {"defocus_blur": {"1": 0.25760000000000005, "2": 0.2855, "3": 0.34099999999999997, "4": 0.3981, "5": 0.4988}, "glass_blur": {"1": 0.6812, "2": 0.6734, "3": 0.6227, "4": 0.7338, "5": 0.7031000000000001}, "motion_blur": {"1": 0.31579999999999997, "2": 0.37270000000000003, "3": 0.44299999999999995, "4": 0.44889999999999997, "5": 0.5095000000000001}, "zoom_blur": {"1": 0.3318, "2": 0.35419999999999996, "3": 0.38549999999999995, "4": 0.41669999999999996, "5": 0.4635}}, "digital": {"contrast": {"1": 0.26680000000000004, "2": 0.361, "3": 0.4423, "4": 0.5637, "5": 0.7463}, "elastic_transform": {"1": 0.3337, "2": 0.3387, "3": 0.3669, "4": 0.396, "5": 0.43089999999999995}, "jpeg_compression": {"1": 0.30100000000000005, "2": 0.32889999999999997, "3": 0.34309999999999996, "4": 0.3506, "5": 0.3708}, "pixelate": {"1": 0.274, "2": 0.29579999999999995, "3": 0.3006, "4": 0.34119999999999995, "5": 0.4192}}, "noise": {"gaussian_noise": {"1": 0.5353, "2": 0.7409, "3": 0.8291999999999999, "4": 0.851, "5": 0.8649}, "impulse_noise": {"1": 0.4655, "2": 0.5658000000000001, "3": 0.6529, "4": 0.7593, "5": 0.8173}, "shot_noise": {"1": 0.3961, "2": 0.5468, "3": 0.7618, "4": 0.8118, "5": 0.8545}}, "weather": {"brightness": {"1": 0.24919999999999998, "2": 0.2531, "3": 0.26080000000000003, "4": 0.26770000000000005, "5": 0.2973}, "fog": {"1": 0.2593, "2": 0.28200000000000003, "3": 0.32210000000000005, "4": 0.3829, "5": 0.5307999999999999}, "frost": {"1": 0.28259999999999996, "2": 0.3335, "3": 0.4123, "4": 0.42490000000000006, "5": 0.5026999999999999}, "snow": {"1": 0.30920000000000003, "2": 0.4235, "3": 0.396, "4": 0.40969999999999995, "5": 0.4357}}}}