,loss,accuracy,val_loss,val_accuracy
0,3.3925466537475586,0.2064400017261505,2.3048062324523926,0.39149999618530273
1,1.895078420639038,0.49292001128196716,1.6046795845031738,0.5583000183105469
2,1.1930534839630127,0.6547600030899048,1.3799457550048828,0.6190000176429749
3,0.8676521182060242,0.7443400025367737,1.3783316612243652,0.6312999725341797
4,0.6695647835731506,0.7998800277709961,1.4950634241104126,0.6420999765396118
5,0.5068178772926331,0.847000002861023,1.410606026649475,0.6520000100135803
6,0.3886817693710327,0.8802800178527832,1.511393427848816,0.6463000178337097
7,0.2955757677555084,0.9069600105285645,1.5599015951156616,0.6539000272750854
8,0.23942339420318604,0.9234799742698669,1.9948002099990845,0.6575000286102295
