,loss,accuracy,val_loss,val_accuracy
0,0.8184391260147095,0.764519989490509,1.7462819814682007,0.5770999789237976
1,0.6544533371925354,0.8133599758148193,1.7904119491577148,0.5839999914169312
2,0.5720112919807434,0.8354200124740601,1.834224820137024,0.5874000191688538
3,0.5092200636863708,0.8557199835777283,1.8371692895889282,0.5874000191688538
4,0.44810113310813904,0.8744400143623352,1.9301068782806396,0.5878999829292297
5,0.3904755413532257,0.8897200226783752,2.0213494300842285,0.5921000242233276
