,loss,accuracy,val_loss,val_accuracy
0,1.6634604930877686,0.5733000040054321,2.1122078895568848,0.4519999921321869
1,1.5306742191314697,0.5806400179862976,1.8638279438018799,0.5171999931335449
2,1.2638522386550903,0.6469399929046631,1.7613085508346558,0.5393999814987183
3,1.11188542842865,0.6884999871253967,1.7363343238830566,0.5541999936103821
4,0.9949273467063904,0.7199199795722961,1.6908864974975586,0.5685999989509583
5,0.8939365744590759,0.7475399971008301,1.7079980373382568,0.5733000040054321
6,0.8088857531547546,0.7716799974441528,1.7183592319488525,0.5777000188827515
7,0.7284929156303406,0.792460024356842,1.772437334060669,0.5776000022888184
8,0.659169614315033,0.8146200180053711,1.7699259519577026,0.5856000185012817
