,loss,accuracy,val_loss,val_accuracy
0,1.032834529876709,0.7118399739265442,1.7352557182312012,0.555400013923645
1,0.8605632185935974,0.7583799958229065,1.7425041198730469,0.5626999735832214
2,0.7447008490562439,0.7896000146865845,1.7699464559555054,0.5735999941825867
3,0.6498964428901672,0.8161200284957886,1.7223718166351318,0.5764999985694885
4,0.5508752465248108,0.8432599902153015,1.8239439725875854,0.5756999850273132
5,0.4685882329940796,0.8659800291061401,1.9904733896255493,0.5805000066757202
6,0.3951301574707031,0.8858000040054321,2.024028778076172,0.5748999714851379
7,0.3300166130065918,0.9043200016021729,2.0961601734161377,0.5856000185012817
8,0.2620026767253876,0.9252399802207947,2.322077512741089,0.5842999815940857
