,loss,accuracy,val_loss,val_accuracy
0,3.5698893070220947,0.17504000663757324,2.5742299556732178,0.3605000078678131
1,1.8653770685195923,0.5012199878692627,1.5909886360168457,0.5564000010490417
2,1.0920486450195312,0.6816200017929077,1.3964240550994873,0.6075000166893005
3,0.797137439250946,0.7630000114440918,1.439684510231018,0.6227999925613403
4,0.6274916529655457,0.8123999834060669,1.460819125175476,0.6294000148773193
5,0.5071327090263367,0.8466399908065796,1.5647083520889282,0.6323999762535095
6,0.40664777159690857,0.8781599998474121,1.6405937671661377,0.6312000155448914
7,0.32390838861465454,0.9029399752616882,1.7375026941299438,0.6355999708175659
