{"clean": 0.2815, "corruptions": {"blur": {"defocus_blur": {"1": 0.29600000000000004, "2": 0.33909999999999996, "3": 0.43520000000000003, "4": 0.5364, "5": 0.7286}, "glass_blur": {"1": 0.8284, "2": 0.8165, "3": 0.7601, "4": 0.905, "5": 0.8624}, "motion_blur": {"1": 0.3708, "2": 0.47540000000000004, "3": 0.5817, "4": 0.579, "5": 0.6716}, "zoom_blur": {"1": 0.4112, "2": 0.45420000000000005, "3": 0.5102, "4": 0.5657, "5": 0.6399}}, "digital": {"contrast": {"1": 0.2973, "2": 0.37860000000000005, "3": 0.44830000000000003, "4": 0.5675, "5": 0.8364}, "elastic_transform": {"1": 0.3832, "2": 0.39849999999999997, "3": 0.46209999999999996, "4": 0.5569, "5": 0.628}, "jpeg_compression": {"1": 0.4989, "2": 0.5819, "3": 0.6166, "4": 0.6431, "5": 0.6799999999999999}, "pixelate": {"1": 0.40490000000000004, "2": 0.5907, "3": 0.6738999999999999, "4": 0.8439, "5": 0.9295}}, "noise": {"gaussian_noise": {"1": 0.7829, "2": 0.8926000000000001, "3": 0.9378, "4": 0.9480999999999999, "5": 0.9564}, "impulse_noise": {"1": 0.5352, "2": 0.6971, "3": 0.7852, "4": 0.8843, "5": 0.929}, "shot_noise": {"1": 0.6618999999999999, "2": 0.7922, "3": 0.9024, "4": 0.9266, "5": 0.9468}}, "weather": {"brightness": {"1": 0.2871, "2": 0.2956, "3": 0.3084, "4": 0.33220000000000005, "5": 0.40080000000000005}, "fog": {"1": 0.2932, "2": 0.3417, "3": 0.3982, "4": 0.486, "5": 0.6838}, "frost": {"1": 0.3639, "2": 0.43689999999999996, "3": 0.5428999999999999, "4": 0.5603, "5": 0.6442}, "snow": {"1": 0.35550000000000004, "2": 0.48529999999999995, "3": 0.46709999999999996, "4": 0.5057, "5": 0.5604}}}}