{"clean": 0.269, "corruptions": {"blur": {"defocus_blur": {"1": 0.27769999999999995, "2": 0.3237, "3": 0.41869999999999996, "4": 0.5247999999999999, "5": 0.7058}, "glass_blur": {"1": 0.8144, "2": 0.8025, "3": 0.744, "4": 0.8956, "5": 0.8536}, "motion_blur": {"1": 0.35950000000000004, "2": 0.4665, "3": 0.5707, "4": 0.5697, "5": 0.6524}, "zoom_blur": {"1": 0.39549999999999996, "2": 0.4377, "3": 0.4948, "4": 0.5462, "5": 0.6207}}, "digital": {"contrast": {"1": 0.28680000000000005, "2": 0.3692, "3": 0.44530000000000003, "4": 0.5730999999999999, "5": 0.8546}, "elastic_transform": {"1": 0.372, "2": 0.3859, "3": 0.44289999999999996, "4": 0.5375, "5": 0.6051}, "jpeg_compression": {"1": 0.4737, "2": 0.5537000000000001, "3": 0.5802, "4": 0.6132, "5": 0.6546000000000001}, "pixelate": {"1": 0.39390000000000003, "2": 0.5852999999999999, "3": 0.6698999999999999, "4": 0.8416, "5": 0.9329}}, "noise": {"gaussian_noise": {"1": 0.7531, "2": 0.8831, "3": 0.9321, "4": 0.9457, "5": 0.9554}, "impulse_noise": {"1": 0.5207999999999999, "2": 0.6791, "3": 0.7723, "4": 0.878, "5": 0.9261}, "shot_noise": {"1": 0.6301, "2": 0.7597, "3": 0.8955, "4": 0.9188000000000001, "5": 0.9437}}, "weather": {"brightness": {"1": 0.2724, "2": 0.27890000000000004, "3": 0.29590000000000005, "4": 0.3146, "5": 0.38}, "fog": {"1": 0.2814, "2": 0.3234, "3": 0.38070000000000004, "4": 0.47440000000000004, "5": 0.6647000000000001}, "frost": {"1": 0.34940000000000004, "2": 0.4173, "3": 0.5172, "4": 0.5314, "5": 0.623}, "snow": {"1": 0.34450000000000003, "2": 0.47250000000000003, "3": 0.4567, "4": 0.48839999999999995, "5": 0.5432}}}}