{"clean": 0.3137, "corruptions": {"blur": {"defocus_blur": {"1": 0.3277, "2": 0.378, "3": 0.45799999999999996, "4": 0.5490999999999999, "5": 0.7183999999999999}, "glass_blur": {"1": 0.7981, "2": 0.7867, "3": 0.7641, "4": 0.8605, "5": 0.8501}, "motion_blur": {"1": 0.40249999999999997, "2": 0.495, "3": 0.5946, "4": 0.5878, "5": 0.6658}, "zoom_blur": {"1": 0.44410000000000005, "2": 0.48140000000000005, "3": 0.5351, "4": 0.5848, "5": 0.6456999999999999}}, "digital": {"contrast": {"1": 0.34509999999999996, "2": 0.4538, "3": 0.5470999999999999, "4": 0.6812, "5": 0.9174}, "elastic_transform": {"1": 0.41969999999999996, "2": 0.4285, "3": 0.4818, "4": 0.5654, "5": 0.6424000000000001}, "jpeg_compression": {"1": 0.49229999999999996, "2": 0.5589, "3": 0.593, "4": 0.6132, "5": 0.6503}, "pixelate": {"1": 0.38970000000000005, "2": 0.492, "3": 0.5547, "4": 0.7056, "5": 0.8878}}, "noise": {"gaussian_noise": {"1": 0.784, "2": 0.8867, "3": 0.9362, "4": 0.9507, "5": 0.9643}, "impulse_noise": {"1": 0.5726, "2": 0.7473000000000001, "3": 0.8359, "4": 0.918, "5": 0.9527}, "shot_noise": {"1": 0.6588, "2": 0.782, "3": 0.9037, "4": 0.9264, "5": 0.9492}}, "weather": {"brightness": {"1": 0.32210000000000005, "2": 0.33320000000000005, "3": 0.35150000000000003, "4": 0.3782, "5": 0.45320000000000005}, "fog": {"1": 0.33440000000000003, "2": 0.38670000000000004, "3": 0.45630000000000004, "4": 0.5337000000000001, "5": 0.7145}, "frost": {"1": 0.3922, "2": 0.4669, "3": 0.5639000000000001, "4": 0.5821000000000001, "5": 0.6655}, "snow": {"1": 0.39580000000000004, "2": 0.5319, "3": 0.5206999999999999, "4": 0.5429999999999999, "5": 0.5957}}}}