{"clean": 0.34340000000000004, "corruptions": {"blur": {"defocus_blur": {"1": 0.36560000000000004, "2": 0.4437, "3": 0.5553, "4": 0.6486000000000001, "5": 0.8002}, "glass_blur": {"1": 0.8321000000000001, "2": 0.831, "3": 0.7887, "4": 0.9131, "5": 0.8867}, "motion_blur": {"1": 0.4688, "2": 0.5771, "3": 0.6746, "4": 0.6796, "5": 0.753}, "zoom_blur": {"1": 0.5246, "2": 0.5654, "3": 0.6219, "4": 0.6684, "5": 0.7289}}, "digital": {"contrast": {"1": 0.38580000000000003, "2": 0.5307, "3": 0.6327, "4": 0.7604, "5": 0.9413}, "elastic_transform": {"1": 0.47840000000000005, "2": 0.49770000000000003, "3": 0.5675, "4": 0.638, "5": 0.6950000000000001}, "jpeg_compression": {"1": 0.5304, "2": 0.6146, "3": 0.6537, "4": 0.6735, "5": 0.7121999999999999}, "pixelate": {"1": 0.4766, "2": 0.6546000000000001, "3": 0.7178, "4": 0.8628, "5": 0.933}}, "noise": {"gaussian_noise": {"1": 0.7795, "2": 0.8961, "3": 0.9382, "4": 0.9492, "5": 0.9601}, "impulse_noise": {"1": 0.5606, "2": 0.7002999999999999, "3": 0.7812, "4": 0.8779, "5": 0.9243}, "shot_noise": {"1": 0.6547000000000001, "2": 0.7855, "3": 0.9035, "4": 0.9242, "5": 0.9475}}, "weather": {"brightness": {"1": 0.33999999999999997, "2": 0.3466, "3": 0.3628, "4": 0.378, "5": 0.4414}, "fog": {"1": 0.3678, "2": 0.4446, "3": 0.5192, "4": 0.6099, "5": 0.763}, "frost": {"1": 0.37929999999999997, "2": 0.4424, "3": 0.5443, "4": 0.5591999999999999, "5": 0.6403}, "snow": {"1": 0.39159999999999995, "2": 0.5015000000000001, "3": 0.49260000000000004, "4": 0.5134000000000001, "5": 0.5607}}}}