{"clean": 0.33309999999999995, "corruptions": {"blur": {"defocus_blur": {"1": 0.3529, "2": 0.42300000000000004, "3": 0.5233, "4": 0.6254, "5": 0.7689}, "glass_blur": {"1": 0.7738, "2": 0.7622, "3": 0.7232000000000001, "4": 0.8569, "5": 0.8218}, "motion_blur": {"1": 0.4606, "2": 0.5694, "3": 0.6665, "4": 0.6644, "5": 0.7375}, "zoom_blur": {"1": 0.5161, "2": 0.5541, "3": 0.6003000000000001, "4": 0.6446000000000001, "5": 0.7024}}, "digital": {"contrast": {"1": 0.3661, "2": 0.4878, "3": 0.5748, "4": 0.7032, "5": 0.9041}, "elastic_transform": {"1": 0.47040000000000004, "2": 0.4766, "3": 0.5494, "4": 0.6279, "5": 0.6804}, "jpeg_compression": {"1": 0.5123, "2": 0.5911, "3": 0.6118, "4": 0.64, "5": 0.671}, "pixelate": {"1": 0.40569999999999995, "2": 0.5239, "3": 0.6161, "4": 0.7944, "5": 0.9177}}, "noise": {"gaussian_noise": {"1": 0.7988, "2": 0.9123, "3": 0.9479, "4": 0.9592, "5": 0.9659}, "impulse_noise": {"1": 0.5349999999999999, "2": 0.7014, "3": 0.8113, "4": 0.911, "5": 0.9492}, "shot_noise": {"1": 0.6674, "2": 0.8025, "3": 0.9172, "4": 0.9367, "5": 0.9586}}, "weather": {"brightness": {"1": 0.33409999999999995, "2": 0.3417, "3": 0.36129999999999995, "4": 0.3849, "5": 0.45130000000000003}, "fog": {"1": 0.35229999999999995, "2": 0.4204, "3": 0.4857, "4": 0.5755, "5": 0.7574}, "frost": {"1": 0.396, "2": 0.4696, "3": 0.56, "4": 0.5763, "5": 0.6651}, "snow": {"1": 0.39990000000000003, "2": 0.5223, "3": 0.5002, "4": 0.5355, "5": 0.575}}}}