{"clean": 0.31000000000000005, "corruptions": {"blur": {"defocus_blur": {"1": 0.3206, "2": 0.3692, "3": 0.4585, "4": 0.562, "5": 0.7318}, "glass_blur": {"1": 0.8147, "2": 0.8092, "3": 0.7608, "4": 0.8947, "5": 0.8541}, "motion_blur": {"1": 0.4111, "2": 0.5101, "3": 0.6114999999999999, "4": 0.6071, "5": 0.6887}, "zoom_blur": {"1": 0.4525, "2": 0.4858, "3": 0.5476, "4": 0.5952, "5": 0.6597999999999999}}, "digital": {"contrast": {"1": 0.33809999999999996, "2": 0.4558, "3": 0.558, "4": 0.7092, "5": 0.9383}, "elastic_transform": {"1": 0.41590000000000005, "2": 0.4306, "3": 0.485, "4": 0.5698, "5": 0.6357999999999999}, "jpeg_compression": {"1": 0.5257000000000001, "2": 0.5978, "3": 0.6229, "4": 0.6444, "5": 0.6856}, "pixelate": {"1": 0.39, "2": 0.5271, "3": 0.5938, "4": 0.7885, "5": 0.9227}}, "noise": {"gaussian_noise": {"1": 0.7785, "2": 0.8925, "3": 0.9410000000000001, "4": 0.9546, "5": 0.9625}, "impulse_noise": {"1": 0.5589, "2": 0.7356, "3": 0.8363, "4": 0.9223, "5": 0.9536}, "shot_noise": {"1": 0.6675, "2": 0.7822, "3": 0.9013, "4": 0.9268, "5": 0.9501}}, "weather": {"brightness": {"1": 0.31379999999999997, "2": 0.32289999999999996, "3": 0.3369, "4": 0.3649, "5": 0.4317}, "fog": {"1": 0.3238, "2": 0.38480000000000003, "3": 0.4504, "4": 0.5306, "5": 0.7125}, "frost": {"1": 0.3943, "2": 0.4758, "3": 0.5892, "4": 0.5993999999999999, "5": 0.7045}, "snow": {"1": 0.3862, "2": 0.5231, "3": 0.4971, "4": 0.5267999999999999, "5": 0.5929}}}}