{"clean": 0.3024, "corruptions": {"blur": {"defocus_blur": {"1": 0.3184, "2": 0.37429999999999997, "3": 0.4706, "4": 0.5772999999999999, "5": 0.75}, "glass_blur": {"1": 0.8063, "2": 0.7968999999999999, "3": 0.7674, "4": 0.8783, "5": 0.8547}, "motion_blur": {"1": 0.4073, "2": 0.5146, "3": 0.6178, "4": 0.6152, "5": 0.6965}, "zoom_blur": {"1": 0.45120000000000005, "2": 0.49219999999999997, "3": 0.5513, "4": 0.605, "5": 0.6696}}, "digital": {"contrast": {"1": 0.32720000000000005, "2": 0.42579999999999996, "3": 0.5122, "4": 0.6434, "5": 0.8981}, "elastic_transform": {"1": 0.4215, "2": 0.4303, "3": 0.49560000000000004, "4": 0.5904, "5": 0.6514}, "jpeg_compression": {"1": 0.4868, "2": 0.5610999999999999, "3": 0.5932999999999999, "4": 0.6206, "5": 0.6577}, "pixelate": {"1": 0.40859999999999996, "2": 0.5623, "3": 0.647, "4": 0.8208, "5": 0.9271}}, "noise": {"gaussian_noise": {"1": 0.7754, "2": 0.889, "3": 0.9352, "4": 0.9473, "5": 0.9588}, "impulse_noise": {"1": 0.5479, "2": 0.7175, "3": 0.8087, "4": 0.9108, "5": 0.9452}, "shot_noise": {"1": 0.6504, "2": 0.7818, "3": 0.9029, "4": 0.9247, "5": 0.9483}}, "weather": {"brightness": {"1": 0.29969999999999997, "2": 0.3084, "3": 0.32820000000000005, "4": 0.351, "5": 0.42090000000000005}, "fog": {"1": 0.31779999999999997, "2": 0.3722, "3": 0.43279999999999996, "4": 0.5179, "5": 0.7097}, "frost": {"1": 0.36739999999999995, "2": 0.44110000000000005, "3": 0.5375, "4": 0.5470999999999999, "5": 0.6335999999999999}, "snow": {"1": 0.36450000000000005, "2": 0.4898, "3": 0.4676, "4": 0.5016, "5": 0.5627}}}}