{"clean": 0.30910000000000004, "corruptions": {"blur": {"defocus_blur": {"1": 0.32030000000000003, "2": 0.3712, "3": 0.4585, "4": 0.5609999999999999, "5": 0.734}, "glass_blur": {"1": 0.8175, "2": 0.8087, "3": 0.7626999999999999, "4": 0.894, "5": 0.8546}, "motion_blur": {"1": 0.40990000000000004, "2": 0.5095000000000001, "3": 0.6149, "4": 0.6078, "5": 0.6884}, "zoom_blur": {"1": 0.45299999999999996, "2": 0.487, "3": 0.5475, "4": 0.5961000000000001, "5": 0.6623}}, "digital": {"contrast": {"1": 0.33609999999999995, "2": 0.45499999999999996, "3": 0.5607, "4": 0.7115, "5": 0.9388}, "elastic_transform": {"1": 0.41569999999999996, "2": 0.4305, "3": 0.4889, "4": 0.5665, "5": 0.6355}, "jpeg_compression": {"1": 0.5206, "2": 0.5962000000000001, "3": 0.6248, "4": 0.6461, "5": 0.6857}, "pixelate": {"1": 0.38670000000000004, "2": 0.5237, "3": 0.5947, "4": 0.7897000000000001, "5": 0.9215}}, "noise": {"gaussian_noise": {"1": 0.7787, "2": 0.8901, "3": 0.9406, "4": 0.9549, "5": 0.9626}, "impulse_noise": {"1": 0.5634, "2": 0.7342, "3": 0.8372999999999999, "4": 0.9228, "5": 0.954}, "shot_noise": {"1": 0.6661, "2": 0.7792, "3": 0.9023, "4": 0.9255, "5": 0.9501}}, "weather": {"brightness": {"1": 0.3127, "2": 0.3204, "3": 0.33809999999999996, "4": 0.36329999999999996, "5": 0.4313}, "fog": {"1": 0.3255, "2": 0.3871, "3": 0.45130000000000003, "4": 0.5333, "5": 0.7169}, "frost": {"1": 0.3971, "2": 0.47540000000000004, "3": 0.5920000000000001, "4": 0.5984, "5": 0.7044}, "snow": {"1": 0.385, "2": 0.5219, "3": 0.4988, "4": 0.5282, "5": 0.5965}}}}