{"clean": 0.2844, "corruptions": {"blur": {"defocus_blur": {"1": 0.29479999999999995, "2": 0.3348, "3": 0.4183, "4": 0.5175000000000001, "5": 0.6946}, "glass_blur": {"1": 0.7779, "2": 0.7655000000000001, "3": 0.7232000000000001, "4": 0.8454, "5": 0.8228}, "motion_blur": {"1": 0.36929999999999996, "2": 0.46640000000000004, "3": 0.5609999999999999, "4": 0.5543, "5": 0.6414}, "zoom_blur": {"1": 0.40690000000000004, "2": 0.44530000000000003, "3": 0.49860000000000004, "4": 0.5475, "5": 0.6174}}, "digital": {"contrast": {"1": 0.30510000000000004, "2": 0.4062, "3": 0.4959, "4": 0.6432, "5": 0.9168000000000001}, "elastic_transform": {"1": 0.38349999999999995, "2": 0.39880000000000004, "3": 0.4465, "4": 0.5327, "5": 0.6119}, "jpeg_compression": {"1": 0.46109999999999995, "2": 0.5276000000000001, "3": 0.5595, "4": 0.5815, "5": 0.6275}, "pixelate": {"1": 0.35019999999999996, "2": 0.44689999999999996, "3": 0.5122, "4": 0.6808000000000001, "5": 0.88}}, "noise": {"gaussian_noise": {"1": 0.7651, "2": 0.8855, "3": 0.9416, "4": 0.9567, "5": 0.9712}, "impulse_noise": {"1": 0.5683, "2": 0.7567, "3": 0.8499, "4": 0.9286, "5": 0.9609}, "shot_noise": {"1": 0.6356999999999999, "2": 0.7625, "3": 0.9019, "4": 0.9293, "5": 0.9551}}, "weather": {"brightness": {"1": 0.2905, "2": 0.30200000000000005, "3": 0.3238, "4": 0.3497, "5": 0.42810000000000004}, "fog": {"1": 0.29869999999999997, "2": 0.3469, "3": 0.40669999999999995, "4": 0.48440000000000005, "5": 0.6737}, "frost": {"1": 0.3639, "2": 0.44199999999999995, "3": 0.5417000000000001, "4": 0.5605, "5": 0.6538999999999999}, "snow": {"1": 0.36719999999999997, "2": 0.5014000000000001, "3": 0.48429999999999995, "4": 0.5131, "5": 0.5722}}}}