{"clean": 0.3134, "corruptions": {"blur": {"defocus_blur": {"1": 0.33140000000000003, "2": 0.39170000000000005, "3": 0.4847, "4": 0.589, "5": 0.7359}, "glass_blur": {"1": 0.7827999999999999, "2": 0.7736000000000001, "3": 0.7404999999999999, "4": 0.8557, "5": 0.8378}, "motion_blur": {"1": 0.42769999999999997, "2": 0.5292, "3": 0.6319, "4": 0.6307, "5": 0.7037}, "zoom_blur": {"1": 0.4746, "2": 0.5063, "3": 0.5637, "4": 0.6056, "5": 0.6649}}, "digital": {"contrast": {"1": 0.3437, "2": 0.4657, "3": 0.5589999999999999, "4": 0.6888000000000001, "5": 0.9185}, "elastic_transform": {"1": 0.4387, "2": 0.4497, "3": 0.5037, "4": 0.5809, "5": 0.6373}, "jpeg_compression": {"1": 0.5161, "2": 0.5967, "3": 0.6206, "4": 0.6507000000000001, "5": 0.6834}, "pixelate": {"1": 0.3771, "2": 0.4788, "3": 0.5388999999999999, "4": 0.7077, "5": 0.8634}}, "noise": {"gaussian_noise": {"1": 0.7685, "2": 0.8759, "3": 0.9267, "4": 0.9402, "5": 0.9511000000000001}, "impulse_noise": {"1": 0.5566, "2": 0.719, "3": 0.8097, "4": 0.8943, "5": 0.9329}, "shot_noise": {"1": 0.6557999999999999, "2": 0.7745, "3": 0.8868, "4": 0.9114, "5": 0.9382}}, "weather": {"brightness": {"1": 0.31810000000000005, "2": 0.33089999999999997, "3": 0.345, "4": 0.367, "5": 0.4357}, "fog": {"1": 0.33440000000000003, "2": 0.39570000000000005, "3": 0.4649, "4": 0.5486, "5": 0.7178}, "frost": {"1": 0.3728, "2": 0.44499999999999995, "3": 0.5435, "4": 0.5640000000000001, "5": 0.6564}, "snow": {"1": 0.37339999999999995, "2": 0.49750000000000005, "3": 0.48760000000000003, "4": 0.5067999999999999, "5": 0.5605}}}}