{"clean": 0.2892, "corruptions": {"blur": {"defocus_blur": {"1": 0.30489999999999995, "2": 0.36650000000000005, "3": 0.4608, "4": 0.5676, "5": 0.7411}, "glass_blur": {"1": 0.7806, "2": 0.7686999999999999, "3": 0.7171000000000001, "4": 0.8616, "5": 0.8299}, "motion_blur": {"1": 0.3972, "2": 0.5055000000000001, "3": 0.6122000000000001, "4": 0.6066, "5": 0.6908000000000001}, "zoom_blur": {"1": 0.44010000000000005, "2": 0.48029999999999995, "3": 0.5407, "4": 0.5932999999999999, "5": 0.6589}}, "digital": {"contrast": {"1": 0.3104, "2": 0.4131, "3": 0.5085, "4": 0.6417999999999999, "5": 0.881}, "elastic_transform": {"1": 0.4063, "2": 0.4173, "3": 0.4776, "4": 0.5699000000000001, "5": 0.6271}, "jpeg_compression": {"1": 0.47550000000000003, "2": 0.5567, "3": 0.5835, "4": 0.6134, "5": 0.6565}, "pixelate": {"1": 0.4044, "2": 0.5657, "3": 0.656, "4": 0.8204, "5": 0.9267}}, "noise": {"gaussian_noise": {"1": 0.7452, "2": 0.8748, "3": 0.9225, "4": 0.9399, "5": 0.9501}, "impulse_noise": {"1": 0.5454, "2": 0.716, "3": 0.8130999999999999, "4": 0.9073, "5": 0.9418}, "shot_noise": {"1": 0.6165, "2": 0.7485999999999999, "3": 0.8883, "4": 0.9115, "5": 0.9414}}, "weather": {"brightness": {"1": 0.29410000000000003, "2": 0.3025, "3": 0.31610000000000005, "4": 0.3365, "5": 0.41200000000000003}, "fog": {"1": 0.3053, "2": 0.3558, "3": 0.4236, "4": 0.5144, "5": 0.702}, "frost": {"1": 0.3548, "2": 0.4255, "3": 0.5157, "4": 0.5313, "5": 0.623}, "snow": {"1": 0.35840000000000005, "2": 0.48119999999999996, "3": 0.4637, "4": 0.5024, "5": 0.5579000000000001}}}}