{"clean": 0.4135, "corruptions": {"blur": {"defocus_blur": {"1": 0.4317, "2": 0.47940000000000005, "3": 0.5421, "4": 0.6147, "5": 0.7273000000000001}, "glass_blur": {"1": 0.8644000000000001, "2": 0.8559, "3": 0.8153, "4": 0.9232, "5": 0.8932}, "motion_blur": {"1": 0.5156000000000001, "2": 0.6016, "3": 0.6731, "4": 0.6713, "5": 0.7356}, "zoom_blur": {"1": 0.5485, "2": 0.5664, "3": 0.6043000000000001, "4": 0.6321, "5": 0.6760999999999999}}, "digital": {"contrast": {"1": 0.48009999999999997, "2": 0.6195999999999999, "3": 0.7046, "4": 0.8104, "5": 0.9375}, "elastic_transform": {"1": 0.5304, "2": 0.5331, "3": 0.5900000000000001, "4": 0.6766, "5": 0.7504}, "jpeg_compression": {"1": 0.5872999999999999, "2": 0.6395, "3": 0.6497999999999999, "4": 0.6723, "5": 0.6992}, "pixelate": {"1": 0.47550000000000003, "2": 0.6274, "3": 0.6816, "4": 0.8398, "5": 0.945}}, "noise": {"gaussian_noise": {"1": 0.7738, "2": 0.8795, "3": 0.9255, "4": 0.9398, "5": 0.9532}, "impulse_noise": {"1": 0.6062000000000001, "2": 0.7407, "3": 0.8199, "4": 0.8999, "5": 0.9390000000000001}, "shot_noise": {"1": 0.6820999999999999, "2": 0.7868999999999999, "3": 0.8952, "4": 0.915, "5": 0.9421}}, "weather": {"brightness": {"1": 0.40859999999999996, "2": 0.40759999999999996, "3": 0.41659999999999997, "4": 0.4333, "5": 0.48850000000000005}, "fog": {"1": 0.4556, "2": 0.5391, "3": 0.6241, "4": 0.6989000000000001, "5": 0.8316}, "frost": {"1": 0.47050000000000003, "2": 0.5345, "3": 0.6293, "4": 0.6396999999999999, "5": 0.7178}, "snow": {"1": 0.4798, "2": 0.5896, "3": 0.5808, "4": 0.6044, "5": 0.6456}}}}