{"clean": 0.29079999999999995, "corruptions": {"blur": {"defocus_blur": {"1": 0.3066, "2": 0.36539999999999995, "3": 0.4648, "4": 0.5702, "5": 0.745}, "glass_blur": {"1": 0.7814, "2": 0.7704, "3": 0.7198, "4": 0.8654999999999999, "5": 0.8291999999999999}, "motion_blur": {"1": 0.39590000000000003, "2": 0.5103, "3": 0.6121, "4": 0.6106, "5": 0.6960999999999999}, "zoom_blur": {"1": 0.44310000000000005, "2": 0.48329999999999995, "3": 0.5421, "4": 0.5972, "5": 0.6624}}, "digital": {"contrast": {"1": 0.31079999999999997, "2": 0.41190000000000004, "3": 0.5067999999999999, "4": 0.6455, "5": 0.8805000000000001}, "elastic_transform": {"1": 0.40159999999999996, "2": 0.41790000000000005, "3": 0.48419999999999996, "4": 0.5704, "5": 0.6253}, "jpeg_compression": {"1": 0.47119999999999995, "2": 0.5579000000000001, "3": 0.5917, "4": 0.6154, "5": 0.6614}, "pixelate": {"1": 0.40390000000000004, "2": 0.5688, "3": 0.6567000000000001, "4": 0.8183, "5": 0.929}}, "noise": {"gaussian_noise": {"1": 0.7479, "2": 0.8759, "3": 0.925, "4": 0.9416, "5": 0.953}, "impulse_noise": {"1": 0.5472, "2": 0.7161, "3": 0.8133, "4": 0.9076, "5": 0.9424}, "shot_noise": {"1": 0.6194999999999999, "2": 0.7528, "3": 0.89, "4": 0.916, "5": 0.9414}}, "weather": {"brightness": {"1": 0.29469999999999996, "2": 0.30179999999999996, "3": 0.31899999999999995, "4": 0.3405, "5": 0.4124}, "fog": {"1": 0.3077, "2": 0.35840000000000005, "3": 0.42079999999999995, "4": 0.5166, "5": 0.7049000000000001}, "frost": {"1": 0.35219999999999996, "2": 0.4254, "3": 0.5184, "4": 0.532, "5": 0.621}, "snow": {"1": 0.35950000000000004, "2": 0.4858, "3": 0.46199999999999997, "4": 0.5071, "5": 0.5569}}}}