{"clean": 0.28669999999999995, "corruptions": {"blur": {"defocus_blur": {"1": 0.29669999999999996, "2": 0.3418, "3": 0.43279999999999996, "4": 0.5396000000000001, "5": 0.7253000000000001}, "glass_blur": {"1": 0.8034, "2": 0.7878000000000001, "3": 0.7389, "4": 0.883, "5": 0.8449}, "motion_blur": {"1": 0.3769, "2": 0.48250000000000004, "3": 0.5873999999999999, "4": 0.5892, "5": 0.6666000000000001}, "zoom_blur": {"1": 0.4174, "2": 0.4538, "3": 0.5171, "4": 0.5742, "5": 0.644}}, "digital": {"contrast": {"1": 0.3015, "2": 0.3931, "3": 0.4716, "4": 0.5922000000000001, "5": 0.8456}, "elastic_transform": {"1": 0.38759999999999994, "2": 0.401, "3": 0.4608, "4": 0.5532, "5": 0.6219}, "jpeg_compression": {"1": 0.48650000000000004, "2": 0.5670999999999999, "3": 0.5966, "4": 0.6234, "5": 0.665}, "pixelate": {"1": 0.39990000000000003, "2": 0.5691999999999999, "3": 0.6571, "4": 0.8210999999999999, "5": 0.928}}, "noise": {"gaussian_noise": {"1": 0.7746, "2": 0.8913, "3": 0.9333, "4": 0.9475, "5": 0.9583}, "impulse_noise": {"1": 0.544, "2": 0.7116, "3": 0.8066, "4": 0.9069, "5": 0.9455}, "shot_noise": {"1": 0.6466000000000001, "2": 0.7783, "3": 0.9014, "4": 0.9255, "5": 0.9483}}, "weather": {"brightness": {"1": 0.28900000000000003, "2": 0.2976, "3": 0.31479999999999997, "4": 0.3387, "5": 0.4075}, "fog": {"1": 0.29790000000000005, "2": 0.3428, "3": 0.39749999999999996, "4": 0.49029999999999996, "5": 0.6814}, "frost": {"1": 0.3651, "2": 0.4344, "3": 0.5375, "4": 0.5523, "5": 0.64}, "snow": {"1": 0.35309999999999997, "2": 0.487, "3": 0.4655, "4": 0.5075000000000001, "5": 0.563}}}}