{"clean": 0.2812, "corruptions": {"blur": {"defocus_blur": {"1": 0.2883, "2": 0.3305, "3": 0.4071, "4": 0.5052, "5": 0.6767000000000001}, "glass_blur": {"1": 0.7854, "2": 0.7749, "3": 0.7362, "4": 0.8607, "5": 0.8354}, "motion_blur": {"1": 0.36429999999999996, "2": 0.4596, "3": 0.5552, "4": 0.5589999999999999, "5": 0.6419}, "zoom_blur": {"1": 0.40069999999999995, "2": 0.4323, "3": 0.4847, "4": 0.5374, "5": 0.6025}}, "digital": {"contrast": {"1": 0.30189999999999995, "2": 0.3972, "3": 0.48240000000000005, "4": 0.6214, "5": 0.9071}, "elastic_transform": {"1": 0.38239999999999996, "2": 0.3873, "3": 0.43889999999999996, "4": 0.5268999999999999, "5": 0.6073}, "jpeg_compression": {"1": 0.47550000000000003, "2": 0.5647, "3": 0.5928, "4": 0.6189, "5": 0.661}, "pixelate": {"1": 0.35409999999999997, "2": 0.4569, "3": 0.5312, "4": 0.7159, "5": 0.8768}}, "noise": {"gaussian_noise": {"1": 0.7623, "2": 0.881, "3": 0.9306, "4": 0.9428, "5": 0.9508}, "impulse_noise": {"1": 0.5312, "2": 0.6980999999999999, "3": 0.7977, "4": 0.896, "5": 0.9339}, "shot_noise": {"1": 0.6491, "2": 0.7705, "3": 0.8893, "4": 0.9154, "5": 0.9395}}, "weather": {"brightness": {"1": 0.2832, "2": 0.2934, "3": 0.31000000000000005, "4": 0.33709999999999996, "5": 0.3974}, "fog": {"1": 0.2911, "2": 0.3429, "3": 0.39490000000000003, "4": 0.471, "5": 0.6549}, "frost": {"1": 0.3601, "2": 0.4407, "3": 0.5406, "4": 0.5605, "5": 0.6484}, "snow": {"1": 0.3567, "2": 0.49439999999999995, "3": 0.4669, "4": 0.5015000000000001, "5": 0.5635}}}}