{"clean": 0.33140000000000003, "corruptions": {"blur": {"defocus_blur": {"1": 0.3536, "2": 0.42300000000000004, "3": 0.5223, "4": 0.6219, "5": 0.7689}, "glass_blur": {"1": 0.7722, "2": 0.7624, "3": 0.7215, "4": 0.8553999999999999, "5": 0.8217}, "motion_blur": {"1": 0.4587, "2": 0.5670999999999999, "3": 0.6623, "4": 0.6612, "5": 0.7364999999999999}, "zoom_blur": {"1": 0.5133, "2": 0.5514, "3": 0.5972, "4": 0.6443, "5": 0.6999}}, "digital": {"contrast": {"1": 0.36850000000000005, "2": 0.48950000000000005, "3": 0.5737, "4": 0.7, "5": 0.9034}, "elastic_transform": {"1": 0.4699, "2": 0.47850000000000004, "3": 0.5476, "4": 0.6267, "5": 0.6817}, "jpeg_compression": {"1": 0.5155000000000001, "2": 0.5892, "3": 0.6097, "4": 0.6414, "5": 0.6698999999999999}, "pixelate": {"1": 0.4052, "2": 0.5254, "3": 0.6129, "4": 0.7975, "5": 0.9153}}, "noise": {"gaussian_noise": {"1": 0.8, "2": 0.9097999999999999, "3": 0.9478, "4": 0.9596, "5": 0.9676}, "impulse_noise": {"1": 0.5363, "2": 0.7002999999999999, "3": 0.8112, "4": 0.9108, "5": 0.9485}, "shot_noise": {"1": 0.6698999999999999, "2": 0.8022, "3": 0.9163, "4": 0.9363, "5": 0.9556}}, "weather": {"brightness": {"1": 0.33320000000000005, "2": 0.3436, "3": 0.36160000000000003, "4": 0.39039999999999997, "5": 0.4524}, "fog": {"1": 0.35250000000000004, "2": 0.41700000000000004, "3": 0.4849, "4": 0.5724, "5": 0.7532}, "frost": {"1": 0.39870000000000005, "2": 0.47440000000000004, "3": 0.5589999999999999, "4": 0.5771999999999999, "5": 0.6623}, "snow": {"1": 0.4004, "2": 0.5238, "3": 0.49970000000000003, "4": 0.5331, "5": 0.5756}}}}