{"clean": 0.23340000000000005, "corruptions": {"blur": {"defocus_blur": {"1": 0.24360000000000004, "2": 0.2913, "3": 0.3698, "4": 0.4648, "5": 0.6347}, "glass_blur": {"1": 0.7242, "2": 0.7117, "3": 0.6767000000000001, "4": 0.817, "5": 0.8006}, "motion_blur": {"1": 0.31920000000000004, "2": 0.40980000000000005, "3": 0.5049, "4": 0.5001, "5": 0.5883}, "zoom_blur": {"1": 0.3547, "2": 0.38180000000000003, "3": 0.4284, "4": 0.4736, "5": 0.5321}}, "digital": {"contrast": {"1": 0.25139999999999996, "2": 0.3307, "3": 0.4, "4": 0.49729999999999996, "5": 0.761}, "elastic_transform": {"1": 0.34130000000000005, "2": 0.34530000000000005, "3": 0.4051, "4": 0.4857, "5": 0.5826}, "jpeg_compression": {"1": 0.40890000000000004, "2": 0.49460000000000004, "3": 0.5256000000000001, "4": 0.5544, "5": 0.6077}, "pixelate": {"1": 0.3105, "2": 0.44089999999999996, "3": 0.5167999999999999, "4": 0.6844, "5": 0.8744000000000001}}, "noise": {"gaussian_noise": {"1": 0.5932, "2": 0.7591, "3": 0.8402000000000001, "4": 0.8693, "5": 0.8945}, "impulse_noise": {"1": 0.5533, "2": 0.7458, "3": 0.8438, "4": 0.9237, "5": 0.9533}, "shot_noise": {"1": 0.47819999999999996, "2": 0.6143000000000001, "3": 0.7802, "4": 0.8295, "5": 0.8792}}, "weather": {"brightness": {"1": 0.2399, "2": 0.25170000000000003, "3": 0.26649999999999996, "4": 0.29910000000000003, "5": 0.36739999999999995}, "fog": {"1": 0.24150000000000005, "2": 0.2872, "3": 0.33009999999999995, "4": 0.40900000000000003, "5": 0.5948}, "frost": {"1": 0.3066, "2": 0.38339999999999996, "3": 0.4788, "4": 0.48919999999999997, "5": 0.5714}, "snow": {"1": 0.2844, "2": 0.4082, "3": 0.3851, "4": 0.43079999999999996, "5": 0.49829999999999997}}}}