{"clean": 0.23429999999999995, "corruptions": {"blur": {"defocus_blur": {"1": 0.23640000000000005, "2": 0.27359999999999995, "3": 0.3518, "4": 0.44320000000000004, "5": 0.6246}, "glass_blur": {"1": 0.7276, "2": 0.7117, "3": 0.6834, "4": 0.8287, "5": 0.8068}, "motion_blur": {"1": 0.30889999999999995, "2": 0.40390000000000004, "3": 0.5031, "4": 0.49350000000000005, "5": 0.5840000000000001}, "zoom_blur": {"1": 0.33919999999999995, "2": 0.36429999999999996, "3": 0.4115, "4": 0.45289999999999997, "5": 0.5188999999999999}}, "digital": {"contrast": {"1": 0.24980000000000002, "2": 0.3246, "3": 0.38649999999999995, "4": 0.4952, "5": 0.7786}, "elastic_transform": {"1": 0.3294, "2": 0.33140000000000003, "3": 0.3881, "4": 0.4787, "5": 0.5794}, "jpeg_compression": {"1": 0.4295, "2": 0.5198, "3": 0.5467, "4": 0.5784, "5": 0.6228}, "pixelate": {"1": 0.3256, "2": 0.4676, "3": 0.5763, "4": 0.7721, "5": 0.916}}, "noise": {"gaussian_noise": {"1": 0.5802, "2": 0.7379, "3": 0.8346, "4": 0.8718, "5": 0.9028}, "impulse_noise": {"1": 0.5868, "2": 0.7867999999999999, "3": 0.8776, "4": 0.935, "5": 0.9544}, "shot_noise": {"1": 0.484, "2": 0.603, "3": 0.7726999999999999, "4": 0.8222, "5": 0.8822}}, "weather": {"brightness": {"1": 0.2369, "2": 0.244, "3": 0.2642, "4": 0.2844, "5": 0.351}, "fog": {"1": 0.24450000000000005, "2": 0.28690000000000004, "3": 0.33640000000000003, "4": 0.4142, "5": 0.6206}, "frost": {"1": 0.31110000000000004, "2": 0.383, "3": 0.48719999999999997, "4": 0.4899, "5": 0.5866}, "snow": {"1": 0.2825, "2": 0.40680000000000005, "3": 0.37839999999999996, "4": 0.4336, "5": 0.5026999999999999}}}}