{"clean": 0.24150000000000005, "corruptions": {"blur": {"defocus_blur": {"1": 0.24670000000000003, "2": 0.2834, "3": 0.3517, "4": 0.43820000000000003, "5": 0.6072}, "glass_blur": {"1": 0.7105, "2": 0.7010000000000001, "3": 0.6708000000000001, "4": 0.8152, "5": 0.7994}, "motion_blur": {"1": 0.32110000000000005, "2": 0.4064, "3": 0.5018, "4": 0.5014000000000001, "5": 0.5916}, "zoom_blur": {"1": 0.34609999999999996, "2": 0.3668, "3": 0.40490000000000004, "4": 0.44410000000000005, "5": 0.5099}}, "digital": {"contrast": {"1": 0.25760000000000005, "2": 0.3277, "3": 0.3823, "4": 0.4759, "5": 0.7484}, "elastic_transform": {"1": 0.33140000000000003, "2": 0.3345, "3": 0.39159999999999995, "4": 0.48109999999999997, "5": 0.587}, "jpeg_compression": {"1": 0.41479999999999995, "2": 0.49539999999999995, "3": 0.5248999999999999, "4": 0.56, "5": 0.5996}, "pixelate": {"1": 0.2996, "2": 0.40980000000000005, "3": 0.4858, "4": 0.6785, "5": 0.8739}}, "noise": {"gaussian_noise": {"1": 0.5476, "2": 0.7259, "3": 0.8268, "4": 0.8697, "5": 0.8961}, "impulse_noise": {"1": 0.5135000000000001, "2": 0.7173, "3": 0.8339, "4": 0.9272, "5": 0.9551}, "shot_noise": {"1": 0.43400000000000005, "2": 0.5584, "3": 0.7577, "4": 0.8132, "5": 0.8751}}, "weather": {"brightness": {"1": 0.24209999999999998, "2": 0.24960000000000004, "3": 0.267, "4": 0.2922, "5": 0.3598}, "fog": {"1": 0.2512, "2": 0.2861, "3": 0.32999999999999996, "4": 0.39570000000000005, "5": 0.5993999999999999}, "frost": {"1": 0.30779999999999996, "2": 0.3769, "3": 0.4727, "4": 0.47750000000000004, "5": 0.5613}, "snow": {"1": 0.29510000000000003, "2": 0.41000000000000003, "3": 0.39659999999999995, "4": 0.44430000000000003, "5": 0.49770000000000003}}}}