{"clean": 0.24329999999999996, "corruptions": {"blur": {"defocus_blur": {"1": 0.24629999999999996, "2": 0.2863, "3": 0.36019999999999996, "4": 0.45130000000000003, "5": 0.6307}, "glass_blur": {"1": 0.743, "2": 0.7322, "3": 0.7028, "4": 0.8432, "5": 0.8198}, "motion_blur": {"1": 0.3185, "2": 0.4111, "3": 0.5081, "4": 0.5079, "5": 0.5999}, "zoom_blur": {"1": 0.34230000000000005, "2": 0.364, "3": 0.4173, "4": 0.4628, "5": 0.5347999999999999}}, "digital": {"contrast": {"1": 0.2593, "2": 0.3387, "3": 0.4052, "4": 0.5126, "5": 0.7885}, "elastic_transform": {"1": 0.3406, "2": 0.33930000000000005, "3": 0.3953, "4": 0.48960000000000004, "5": 0.5879}, "jpeg_compression": {"1": 0.43810000000000004, "2": 0.5223, "3": 0.5502, "4": 0.5835, "5": 0.626}, "pixelate": {"1": 0.33009999999999995, "2": 0.4667, "3": 0.5706, "4": 0.765, "5": 0.9104}}, "noise": {"gaussian_noise": {"1": 0.5983, "2": 0.7525999999999999, "3": 0.8517, "4": 0.8893, "5": 0.9123}, "impulse_noise": {"1": 0.6167, "2": 0.8124, "3": 0.8979, "4": 0.9463, "5": 0.9596}, "shot_noise": {"1": 0.5024, "2": 0.6145, "3": 0.7887, "4": 0.8385, "5": 0.895}}, "weather": {"brightness": {"1": 0.24639999999999995, "2": 0.26160000000000005, "3": 0.278, "4": 0.30600000000000005, "5": 0.3811}, "fog": {"1": 0.2548, "2": 0.30200000000000005, "3": 0.35040000000000004, "4": 0.42310000000000003, "5": 0.6285000000000001}, "frost": {"1": 0.3188, "2": 0.3922, "3": 0.49119999999999997, "4": 0.49739999999999995, "5": 0.5869}, "snow": {"1": 0.29059999999999997, "2": 0.4123, "3": 0.39870000000000005, "4": 0.43779999999999997, "5": 0.5035000000000001}}}}