{"clean": 0.23550000000000004, "corruptions": {"blur": {"defocus_blur": {"1": 0.2439, "2": 0.27880000000000005, "3": 0.3447, "4": 0.4262, "5": 0.5941000000000001}, "glass_blur": {"1": 0.7095, "2": 0.6982999999999999, "3": 0.6723, "4": 0.8198, "5": 0.7975}, "motion_blur": {"1": 0.3083, "2": 0.39370000000000005, "3": 0.4879, "4": 0.484, "5": 0.5709}, "zoom_blur": {"1": 0.33730000000000004, "2": 0.363, "3": 0.4041, "4": 0.44710000000000005, "5": 0.5049}}, "digital": {"contrast": {"1": 0.25129999999999997, "2": 0.3204, "3": 0.3799, "4": 0.48350000000000004, "5": 0.7702}, "elastic_transform": {"1": 0.3287, "2": 0.3315, "3": 0.3883, "4": 0.483, "5": 0.5908}, "jpeg_compression": {"1": 0.3974, "2": 0.4766, "3": 0.5105, "4": 0.5372, "5": 0.5885}, "pixelate": {"1": 0.29800000000000004, "2": 0.4255, "3": 0.49470000000000003, "4": 0.6799999999999999, "5": 0.8722}}, "noise": {"gaussian_noise": {"1": 0.5695, "2": 0.7435, "3": 0.8412999999999999, "4": 0.8783, "5": 0.9055}, "impulse_noise": {"1": 0.5735, "2": 0.781, "3": 0.8813, "4": 0.9480999999999999, "5": 0.9645}, "shot_noise": {"1": 0.45940000000000003, "2": 0.5821000000000001, "3": 0.7693, "4": 0.8254, "5": 0.8843}}, "weather": {"brightness": {"1": 0.24060000000000004, "2": 0.24760000000000004, "3": 0.26580000000000004, "4": 0.2883, "5": 0.36140000000000005}, "fog": {"1": 0.24360000000000004, "2": 0.278, "3": 0.32489999999999997, "4": 0.38939999999999997, "5": 0.5791999999999999}, "frost": {"1": 0.3015, "2": 0.36939999999999995, "3": 0.4586, "4": 0.46840000000000004, "5": 0.5463}, "snow": {"1": 0.2865, "2": 0.40069999999999995, "3": 0.3892, "4": 0.4356, "5": 0.4931}}}}