{"clean": 0.22660000000000002, "corruptions": {"blur": {"defocus_blur": {"1": 0.23950000000000005, "2": 0.2751, "3": 0.3557, "4": 0.45399999999999996, "5": 0.6328}, "glass_blur": {"1": 0.737, "2": 0.7263, "3": 0.6941999999999999, "4": 0.8371, "5": 0.8187}, "motion_blur": {"1": 0.31179999999999997, "2": 0.40490000000000004, "3": 0.5026999999999999, "4": 0.4978, "5": 0.5911}, "zoom_blur": {"1": 0.3379, "2": 0.3659, "3": 0.4122, "4": 0.4587, "5": 0.5254}}, "digital": {"contrast": {"1": 0.24780000000000002, "2": 0.32110000000000005, "3": 0.3839, "4": 0.4959, "5": 0.7794}, "elastic_transform": {"1": 0.33020000000000005, "2": 0.3387, "3": 0.3923, "4": 0.4858, "5": 0.5841000000000001}, "jpeg_compression": {"1": 0.4256, "2": 0.5169, "3": 0.5448, "4": 0.5846, "5": 0.6284000000000001}, "pixelate": {"1": 0.31189999999999996, "2": 0.4363, "3": 0.5339, "4": 0.734, "5": 0.9001}}, "noise": {"gaussian_noise": {"1": 0.5701, "2": 0.7324999999999999, "3": 0.8316, "4": 0.8737, "5": 0.9037}, "impulse_noise": {"1": 0.5235000000000001, "2": 0.7228, "3": 0.8309, "4": 0.9114, "5": 0.9392}, "shot_noise": {"1": 0.47009999999999996, "2": 0.5824, "3": 0.7706, "4": 0.8237, "5": 0.8834}}, "weather": {"brightness": {"1": 0.23350000000000004, "2": 0.24239999999999995, "3": 0.26139999999999997, "4": 0.28859999999999997, "5": 0.35729999999999995}, "fog": {"1": 0.2398, "2": 0.2861, "3": 0.3327, "4": 0.4034, "5": 0.5989}, "frost": {"1": 0.30389999999999995, "2": 0.37239999999999995, "3": 0.472, "4": 0.47609999999999997, "5": 0.5664}, "snow": {"1": 0.27680000000000005, "2": 0.39249999999999996, "3": 0.3741, "4": 0.4235, "5": 0.4927}}}}