{"clean": 0.23209999999999997, "corruptions": {"blur": {"defocus_blur": {"1": 0.24129999999999996, "2": 0.28979999999999995, "3": 0.37139999999999995, "4": 0.46199999999999997, "5": 0.6394}, "glass_blur": {"1": 0.7203999999999999, "2": 0.7050000000000001, "3": 0.6738, "4": 0.8173, "5": 0.7982}, "motion_blur": {"1": 0.31610000000000005, "2": 0.40490000000000004, "3": 0.5029, "4": 0.4998, "5": 0.5862}, "zoom_blur": {"1": 0.3557, "2": 0.38649999999999995, "3": 0.4316, "4": 0.4759, "5": 0.5318}}, "digital": {"contrast": {"1": 0.25149999999999995, "2": 0.33220000000000005, "3": 0.3933, "4": 0.4941, "5": 0.7559}, "elastic_transform": {"1": 0.34519999999999995, "2": 0.34630000000000005, "3": 0.4051, "4": 0.4879, "5": 0.5798}, "jpeg_compression": {"1": 0.40700000000000003, "2": 0.4911, "3": 0.5227999999999999, "4": 0.5541, "5": 0.6067}, "pixelate": {"1": 0.30810000000000004, "2": 0.43420000000000003, "3": 0.5018, "4": 0.6718, "5": 0.8678}}, "noise": {"gaussian_noise": {"1": 0.5851999999999999, "2": 0.754, "3": 0.8383, "4": 0.8684000000000001, "5": 0.8946000000000001}, "impulse_noise": {"1": 0.5503, "2": 0.7484, "3": 0.8429, "4": 0.9242, "5": 0.9539}, "shot_noise": {"1": 0.4709, "2": 0.6073, "3": 0.7754, "4": 0.8271999999999999, "5": 0.878}}, "weather": {"brightness": {"1": 0.23829999999999996, "2": 0.24960000000000004, "3": 0.2662, "4": 0.29910000000000003, "5": 0.36760000000000004}, "fog": {"1": 0.2409, "2": 0.2863, "3": 0.3304, "4": 0.40449999999999997, "5": 0.5911}, "frost": {"1": 0.3016, "2": 0.38, "3": 0.469, "4": 0.47950000000000004, "5": 0.5640000000000001}, "snow": {"1": 0.2803, "2": 0.40190000000000003, "3": 0.38280000000000003, "4": 0.42789999999999995, "5": 0.49060000000000004}}}}