{"clean": 0.2268, "corruptions": {"blur": {"defocus_blur": {"1": 0.2329, "2": 0.2763, "3": 0.35450000000000004, "4": 0.44910000000000005, "5": 0.6347}, "glass_blur": {"1": 0.7169, "2": 0.7027, "3": 0.679, "4": 0.8223, "5": 0.8014}, "motion_blur": {"1": 0.30469999999999997, "2": 0.3971, "3": 0.49750000000000005, "4": 0.49139999999999995, "5": 0.5845}, "zoom_blur": {"1": 0.33099999999999996, "2": 0.3669, "3": 0.41500000000000004, "4": 0.46130000000000004, "5": 0.5267}}, "digital": {"contrast": {"1": 0.24619999999999997, "2": 0.3127, "3": 0.37170000000000003, "4": 0.46640000000000004, "5": 0.7404999999999999}, "elastic_transform": {"1": 0.32489999999999997, "2": 0.3284, "3": 0.3922, "4": 0.47850000000000004, "5": 0.569}, "jpeg_compression": {"1": 0.4022, "2": 0.4858, "3": 0.5177, "4": 0.5543, "5": 0.6024}, "pixelate": {"1": 0.3075, "2": 0.4235, "3": 0.5243, "4": 0.7233, "5": 0.9029}}, "noise": {"gaussian_noise": {"1": 0.5472, "2": 0.7045, "3": 0.8084, "4": 0.8463, "5": 0.8778}, "impulse_noise": {"1": 0.5138, "2": 0.7101999999999999, "3": 0.8128, "4": 0.8996999999999999, "5": 0.933}, "shot_noise": {"1": 0.45289999999999997, "2": 0.563, "3": 0.7464, "4": 0.7958000000000001, "5": 0.8622}}, "weather": {"brightness": {"1": 0.23209999999999997, "2": 0.2358, "3": 0.2561, "4": 0.278, "5": 0.35240000000000005}, "fog": {"1": 0.23319999999999996, "2": 0.2701, "3": 0.31930000000000003, "4": 0.3942, "5": 0.5812999999999999}, "frost": {"1": 0.2974, "2": 0.3698, "3": 0.4726, "4": 0.48050000000000004, "5": 0.5623}, "snow": {"1": 0.2744, "2": 0.396, "3": 0.37649999999999995, "4": 0.4236, "5": 0.493}}}}