{"clean": 0.22709999999999997, "corruptions": {"blur": {"defocus_blur": {"1": 0.23340000000000005, "2": 0.27270000000000005, "3": 0.35319999999999996, "4": 0.4475, "5": 0.633}, "glass_blur": {"1": 0.7151000000000001, "2": 0.7004, "3": 0.6775, "4": 0.8214, "5": 0.8007}, "motion_blur": {"1": 0.3067, "2": 0.3943, "3": 0.4952, "4": 0.4919, "5": 0.5801000000000001}, "zoom_blur": {"1": 0.33809999999999996, "2": 0.36639999999999995, "3": 0.4142, "4": 0.45820000000000005, "5": 0.5207999999999999}}, "digital": {"contrast": {"1": 0.2439, "2": 0.3107, "3": 0.36750000000000005, "4": 0.4659, "5": 0.7371}, "elastic_transform": {"1": 0.32410000000000005, "2": 0.3267, "3": 0.39159999999999995, "4": 0.47729999999999995, "5": 0.5698}, "jpeg_compression": {"1": 0.39949999999999997, "2": 0.48129999999999995, "3": 0.5166, "4": 0.5515, "5": 0.598}, "pixelate": {"1": 0.3022, "2": 0.4162, "3": 0.5102, "4": 0.7101, "5": 0.8945}}, "noise": {"gaussian_noise": {"1": 0.5418000000000001, "2": 0.7022999999999999, "3": 0.8071, "4": 0.8447, "5": 0.8799}, "impulse_noise": {"1": 0.5137, "2": 0.7095, "3": 0.8138, "4": 0.8999, "5": 0.9325}, "shot_noise": {"1": 0.4535, "2": 0.5609999999999999, "3": 0.7444999999999999, "4": 0.7928999999999999, "5": 0.8598}}, "weather": {"brightness": {"1": 0.23009999999999997, "2": 0.23670000000000002, "3": 0.2529, "4": 0.27869999999999995, "5": 0.34840000000000004}, "fog": {"1": 0.2339, "2": 0.2724, "3": 0.3184, "4": 0.39249999999999996, "5": 0.579}, "frost": {"1": 0.29900000000000004, "2": 0.3719, "3": 0.46830000000000005, "4": 0.4767, "5": 0.5594}, "snow": {"1": 0.2693, "2": 0.39459999999999995, "3": 0.374, "4": 0.4194, "5": 0.49019999999999997}}}}