{"clean": 0.241, "corruptions": {"blur": {"defocus_blur": {"1": 0.2489, "2": 0.28, "3": 0.34440000000000004, "4": 0.42989999999999995, "5": 0.5917}, "glass_blur": {"1": 0.7089, "2": 0.7036, "3": 0.6780999999999999, "4": 0.8184, "5": 0.7947}, "motion_blur": {"1": 0.3146, "2": 0.394, "3": 0.496, "4": 0.49239999999999995, "5": 0.5799000000000001}, "zoom_blur": {"1": 0.3396, "2": 0.36619999999999997, "3": 0.4071, "4": 0.44530000000000003, "5": 0.5063}}, "digital": {"contrast": {"1": 0.2563, "2": 0.3284, "3": 0.3952, "4": 0.5081, "5": 0.8}, "elastic_transform": {"1": 0.33509999999999995, "2": 0.3396, "3": 0.3883, "4": 0.47950000000000004, "5": 0.5953999999999999}, "jpeg_compression": {"1": 0.40569999999999995, "2": 0.4778, "3": 0.5092, "4": 0.5325, "5": 0.5809}, "pixelate": {"1": 0.31379999999999997, "2": 0.4292, "3": 0.5032, "4": 0.6841999999999999, "5": 0.8705}}, "noise": {"gaussian_noise": {"1": 0.577, "2": 0.7513, "3": 0.847, "4": 0.8851, "5": 0.9107}, "impulse_noise": {"1": 0.565, "2": 0.7794, "3": 0.8808, "4": 0.9491, "5": 0.9674}, "shot_noise": {"1": 0.4666, "2": 0.5932999999999999, "3": 0.7765, "4": 0.831, "5": 0.8893}}, "weather": {"brightness": {"1": 0.24529999999999996, "2": 0.25529999999999997, "3": 0.2722, "4": 0.2966, "5": 0.3712}, "fog": {"1": 0.24770000000000003, "2": 0.2833, "3": 0.3285, "4": 0.3994, "5": 0.5906}, "frost": {"1": 0.30489999999999995, "2": 0.3668, "3": 0.4578, "4": 0.4685, "5": 0.5470999999999999}, "snow": {"1": 0.2953, "2": 0.4031, "3": 0.38859999999999995, "4": 0.43789999999999996, "5": 0.489}}}}