{"clean": 0.33730000000000004, "corruptions": {"blur": {"defocus_blur": {"1": 0.3448, "2": 0.38570000000000004, "3": 0.45430000000000004, "4": 0.5391, "5": 0.6962999999999999}, "glass_blur": {"1": 0.8264, "2": 0.8237, "3": 0.8108, "4": 0.8867, "5": 0.8732}, "motion_blur": {"1": 0.43220000000000003, "2": 0.5267, "3": 0.6299, "4": 0.621, "5": 0.7001999999999999}, "zoom_blur": {"1": 0.4448, "2": 0.46540000000000004, "3": 0.5072, "4": 0.5536, "5": 0.6122000000000001}}, "digital": {"contrast": {"1": 0.40569999999999995, "2": 0.5593, "3": 0.6533, "4": 0.7674, "5": 0.9278}, "elastic_transform": {"1": 0.4427, "2": 0.43910000000000005, "3": 0.4897, "4": 0.5604, "5": 0.6793}, "jpeg_compression": {"1": 0.5725, "2": 0.6498999999999999, "3": 0.6711, "4": 0.6969000000000001, "5": 0.7266}, "pixelate": {"1": 0.45309999999999995, "2": 0.5799000000000001, "3": 0.6601, "4": 0.8093, "5": 0.912}}, "noise": {"gaussian_noise": {"1": 0.6726, "2": 0.7863, "3": 0.8755, "4": 0.904, "5": 0.9277}, "impulse_noise": {"1": 0.5734, "2": 0.7363999999999999, "3": 0.8331, "4": 0.9107, "5": 0.9367}, "shot_noise": {"1": 0.5919, "2": 0.6855, "3": 0.8271, "4": 0.8624, "5": 0.9136}}, "weather": {"brightness": {"1": 0.346, "2": 0.3651, "3": 0.38580000000000003, "4": 0.41869999999999996, "5": 0.5016}, "fog": {"1": 0.38260000000000005, "2": 0.45399999999999996, "3": 0.5264, "4": 0.6011, "5": 0.7365999999999999}, "frost": {"1": 0.4468, "2": 0.5259, "3": 0.6311, "4": 0.6484, "5": 0.7233}, "snow": {"1": 0.39459999999999995, "2": 0.5286, "3": 0.4898, "4": 0.5265, "5": 0.605}}}}