{"clean": 0.22829999999999995, "corruptions": {"blur": {"defocus_blur": {"1": 0.23440000000000005, "2": 0.27859999999999996, "3": 0.35619999999999996, "4": 0.4525, "5": 0.6385000000000001}, "glass_blur": {"1": 0.7206, "2": 0.71, "3": 0.6789000000000001, "4": 0.829, "5": 0.8054}, "motion_blur": {"1": 0.30720000000000003, "2": 0.40049999999999997, "3": 0.4952, "4": 0.4918, "5": 0.5829}, "zoom_blur": {"1": 0.3377, "2": 0.36929999999999996, "3": 0.4174, "4": 0.4615, "5": 0.5277000000000001}}, "digital": {"contrast": {"1": 0.246, "2": 0.31779999999999997, "3": 0.3758, "4": 0.47619999999999996, "5": 0.7513}, "elastic_transform": {"1": 0.3278, "2": 0.3316, "3": 0.39559999999999995, "4": 0.48550000000000004, "5": 0.5816}, "jpeg_compression": {"1": 0.4205, "2": 0.5097, "3": 0.5408, "4": 0.5794, "5": 0.6216999999999999}, "pixelate": {"1": 0.32010000000000005, "2": 0.4626, "3": 0.5654, "4": 0.767, "5": 0.913}}, "noise": {"gaussian_noise": {"1": 0.5746, "2": 0.7343, "3": 0.8331, "4": 0.8706, "5": 0.9014}, "impulse_noise": {"1": 0.612, "2": 0.8115, "3": 0.8886000000000001, "4": 0.9416, "5": 0.96}, "shot_noise": {"1": 0.481, "2": 0.595, "3": 0.7708, "4": 0.8216, "5": 0.8788}}, "weather": {"brightness": {"1": 0.2318, "2": 0.24309999999999998, "3": 0.26359999999999995, "4": 0.28680000000000005, "5": 0.356}, "fog": {"1": 0.23670000000000002, "2": 0.28069999999999995, "3": 0.32499999999999996, "4": 0.4004, "5": 0.597}, "frost": {"1": 0.30010000000000003, "2": 0.374, "3": 0.477, "4": 0.47919999999999996, "5": 0.5665}, "snow": {"1": 0.2783, "2": 0.3954, "3": 0.37250000000000005, "4": 0.42769999999999997, "5": 0.4911}}}}