{"clean": 0.2572, "corruptions": {"blur": {"defocus_blur": {"1": 0.2599, "2": 0.29059999999999997, "3": 0.34919999999999995, "4": 0.4363, "5": 0.5932}, "glass_blur": {"1": 0.7256, "2": 0.7141, "3": 0.6861999999999999, "4": 0.8229, "5": 0.8055}, "motion_blur": {"1": 0.32630000000000003, "2": 0.4043, "3": 0.4982, "4": 0.4969, "5": 0.5907}, "zoom_blur": {"1": 0.34530000000000005, "2": 0.3638, "3": 0.40280000000000005, "4": 0.4416, "5": 0.5038}}, "digital": {"contrast": {"1": 0.27390000000000003, "2": 0.33909999999999996, "3": 0.4024, "4": 0.49760000000000004, "5": 0.7684}, "elastic_transform": {"1": 0.3419, "2": 0.34309999999999996, "3": 0.39070000000000005, "4": 0.46930000000000005, "5": 0.5697}, "jpeg_compression": {"1": 0.4222, "2": 0.4959, "3": 0.5273, "4": 0.5536, "5": 0.5972999999999999}, "pixelate": {"1": 0.3184, "2": 0.4317, "3": 0.5048, "4": 0.7039, "5": 0.8808}}, "noise": {"gaussian_noise": {"1": 0.5966, "2": 0.7535000000000001, "3": 0.8469, "4": 0.8807, "5": 0.9041}, "impulse_noise": {"1": 0.5363, "2": 0.7321, "3": 0.8427, "4": 0.9296, "5": 0.9544}, "shot_noise": {"1": 0.48619999999999997, "2": 0.6012, "3": 0.7831, "4": 0.8351999999999999, "5": 0.8853}}, "weather": {"brightness": {"1": 0.2599, "2": 0.277, "3": 0.29879999999999995, "4": 0.33220000000000005, "5": 0.40980000000000005}, "fog": {"1": 0.2649, "2": 0.2983, "3": 0.33909999999999996, "4": 0.40700000000000003, "5": 0.6048}, "frost": {"1": 0.33930000000000005, "2": 0.42469999999999997, "3": 0.5324, "4": 0.5388999999999999, "5": 0.6131}, "snow": {"1": 0.31889999999999996, "2": 0.4465, "3": 0.4325, "4": 0.47650000000000003, "5": 0.552}}}}