{"clean": 0.23939999999999995, "corruptions": {"blur": {"defocus_blur": {"1": 0.24509999999999998, "2": 0.28469999999999995, "3": 0.37070000000000003, "4": 0.4639, "5": 0.6405000000000001}, "glass_blur": {"1": 0.7411, "2": 0.7315, "3": 0.6945, "4": 0.8392, "5": 0.817}, "motion_blur": {"1": 0.3173, "2": 0.4093, "3": 0.5084, "4": 0.5039, "5": 0.597}, "zoom_blur": {"1": 0.34450000000000003, "2": 0.37749999999999995, "3": 0.42490000000000006, "4": 0.4747, "5": 0.5386}}, "digital": {"contrast": {"1": 0.2519, "2": 0.32689999999999997, "3": 0.39259999999999995, "4": 0.48960000000000004, "5": 0.7574}, "elastic_transform": {"1": 0.3388, "2": 0.3429, "3": 0.40590000000000004, "4": 0.4941, "5": 0.5892999999999999}, "jpeg_compression": {"1": 0.43300000000000005, "2": 0.521, "3": 0.5448999999999999, "4": 0.5915, "5": 0.6306}, "pixelate": {"1": 0.32599999999999996, "2": 0.4669, "3": 0.5664, "4": 0.7624, "5": 0.9089}}, "noise": {"gaussian_noise": {"1": 0.5871, "2": 0.7464, "3": 0.8499, "4": 0.8872, "5": 0.9132}, "impulse_noise": {"1": 0.6356999999999999, "2": 0.8308, "3": 0.9084, "4": 0.9521, "5": 0.9626}, "shot_noise": {"1": 0.48260000000000003, "2": 0.5992999999999999, "3": 0.7825, "4": 0.8344, "5": 0.8919}}, "weather": {"brightness": {"1": 0.24239999999999995, "2": 0.25260000000000005, "3": 0.2743, "4": 0.30110000000000003, "5": 0.36970000000000003}, "fog": {"1": 0.24919999999999998, "2": 0.2945, "3": 0.3357, "4": 0.41490000000000005, "5": 0.6109}, "frost": {"1": 0.3127, "2": 0.38539999999999996, "3": 0.48650000000000004, "4": 0.4909, "5": 0.5822}, "snow": {"1": 0.28859999999999997, "2": 0.41069999999999995, "3": 0.3911, "4": 0.4386, "5": 0.5039}}}}