{"clean": 0.22330000000000005, "corruptions": {"blur": {"defocus_blur": {"1": 0.23209999999999997, "2": 0.272, "3": 0.3477, "4": 0.4468, "5": 0.6359}, "glass_blur": {"1": 0.69, "2": 0.673, "3": 0.6437999999999999, "4": 0.8018000000000001, "5": 0.7774}, "motion_blur": {"1": 0.3052, "2": 0.39990000000000003, "3": 0.5018, "4": 0.4972, "5": 0.589}, "zoom_blur": {"1": 0.33620000000000005, "2": 0.369, "3": 0.41769999999999996, "4": 0.46440000000000003, "5": 0.5294}}, "digital": {"contrast": {"1": 0.2399, "2": 0.3032, "3": 0.36160000000000003, "4": 0.47409999999999997, "5": 0.7611}, "elastic_transform": {"1": 0.32130000000000003, "2": 0.3304, "3": 0.3919, "4": 0.47119999999999995, "5": 0.5678000000000001}, "jpeg_compression": {"1": 0.40069999999999995, "2": 0.4901, "3": 0.5267, "4": 0.5638000000000001, "5": 0.6137}, "pixelate": {"1": 0.3052, "2": 0.42679999999999996, "3": 0.5347, "4": 0.7267, "5": 0.8956}}, "noise": {"gaussian_noise": {"1": 0.5505, "2": 0.7157, "3": 0.8251, "4": 0.8693, "5": 0.8991}, "impulse_noise": {"1": 0.5821000000000001, "2": 0.7807, "3": 0.8697, "4": 0.9287, "5": 0.9521}, "shot_noise": {"1": 0.4455, "2": 0.5629, "3": 0.7498, "4": 0.8078, "5": 0.8784}}, "weather": {"brightness": {"1": 0.22499999999999998, "2": 0.23750000000000004, "3": 0.25439999999999996, "4": 0.2794, "5": 0.3497}, "fog": {"1": 0.23129999999999995, "2": 0.26739999999999997, "3": 0.3144, "4": 0.3852, "5": 0.5769}, "frost": {"1": 0.29269999999999996, "2": 0.35660000000000003, "3": 0.4477, "4": 0.45020000000000004, "5": 0.5402}, "snow": {"1": 0.27890000000000004, "2": 0.38949999999999996, "3": 0.38149999999999995, "4": 0.4234, "5": 0.4817}}}}