{"clean": 0.2219, "corruptions": {"blur": {"defocus_blur": {"1": 0.22929999999999995, "2": 0.271, "3": 0.3508, "4": 0.44520000000000004, "5": 0.634}, "glass_blur": {"1": 0.6879, "2": 0.6698, "3": 0.6452, "4": 0.8031, "5": 0.7772}, "motion_blur": {"1": 0.30469999999999997, "2": 0.4003, "3": 0.5021, "4": 0.49360000000000004, "5": 0.5908}, "zoom_blur": {"1": 0.3378, "2": 0.36650000000000005, "3": 0.4151, "4": 0.46299999999999997, "5": 0.5285}}, "digital": {"contrast": {"1": 0.23770000000000002, "2": 0.30189999999999995, "3": 0.3628, "4": 0.47230000000000005, "5": 0.7614}, "elastic_transform": {"1": 0.3238, "2": 0.32909999999999995, "3": 0.395, "4": 0.4748, "5": 0.5642}, "jpeg_compression": {"1": 0.39770000000000005, "2": 0.49060000000000004, "3": 0.5282, "4": 0.5656, "5": 0.6145}, "pixelate": {"1": 0.30279999999999996, "2": 0.42769999999999997, "3": 0.5358, "4": 0.7278, "5": 0.8946000000000001}}, "noise": {"gaussian_noise": {"1": 0.5495, "2": 0.7148, "3": 0.8245, "4": 0.8677, "5": 0.898}, "impulse_noise": {"1": 0.5829, "2": 0.7787, "3": 0.8689, "4": 0.9288, "5": 0.9523}, "shot_noise": {"1": 0.44389999999999996, "2": 0.5568, "3": 0.749, "4": 0.8086, "5": 0.8784}}, "weather": {"brightness": {"1": 0.2218, "2": 0.237, "3": 0.25770000000000004, "4": 0.27990000000000004, "5": 0.35140000000000005}, "fog": {"1": 0.23270000000000002, "2": 0.2694, "3": 0.31299999999999994, "4": 0.38780000000000003, "5": 0.5732999999999999}, "frost": {"1": 0.29090000000000005, "2": 0.3609, "3": 0.4475, "4": 0.4495, "5": 0.5384}, "snow": {"1": 0.2784, "2": 0.39, "3": 0.3801, "4": 0.42269999999999996, "5": 0.4788}}}}