{"clean": 0.3711, "corruptions": {"blur": {"defocus_blur": {"1": 0.3893, "2": 0.4397, "3": 0.508, "4": 0.6009, "5": 0.7196}, "glass_blur": {"1": 0.7351, "2": 0.7196, "3": 0.7399, "4": 0.761, "5": 0.7745}, "motion_blur": {"1": 0.5373, "2": 0.6436, "3": 0.7194, "4": 0.7175, "5": 0.7625}, "zoom_blur": {"1": 0.5333, "2": 0.5502, "3": 0.5932, "4": 0.6296999999999999, "5": 0.6771}}, "digital": {"contrast": {"1": 0.5341, "2": 0.7296, "3": 0.7964, "4": 0.8529, "5": 0.8864}, "elastic_transform": {"1": 0.5066999999999999, "2": 0.5019, "3": 0.5563, "4": 0.641, "5": 0.7048}, "jpeg_compression": {"1": 0.6447, "2": 0.6957, "3": 0.7019, "4": 0.7187, "5": 0.726}, "pixelate": {"1": 0.40569999999999995, "2": 0.43200000000000005, "3": 0.4617, "4": 0.49760000000000004, "5": 0.6342}}, "noise": {"gaussian_noise": {"1": 0.6931, "2": 0.8236, "3": 0.874, "4": 0.8835, "5": 0.8893}, "impulse_noise": {"1": 0.4787, "2": 0.605, "3": 0.6954, "4": 0.7935, "5": 0.8276}, "shot_noise": {"1": 0.5935, "2": 0.6986, "3": 0.833, "4": 0.8542, "5": 0.8813}}, "weather": {"brightness": {"1": 0.353, "2": 0.33730000000000004, "3": 0.3308, "4": 0.32930000000000004, "5": 0.3439}, "fog": {"1": 0.46950000000000003, "2": 0.6111, "3": 0.698, "4": 0.7781, "5": 0.8707}, "frost": {"1": 0.5123, "2": 0.5792999999999999, "3": 0.6913, "4": 0.725, "5": 0.8019000000000001}, "snow": {"1": 0.4414, "2": 0.5823, "3": 0.5361, "4": 0.5602, "5": 0.6355}}}}