{"clean": 0.0827, "corruptions": {"blur": {"defocus_blur": {"1": 0.08330000000000004, "2": 0.09399999999999997, "3": 0.12280000000000002, "4": 0.17769999999999997, "5": 0.34719999999999995}, "glass_blur": {"1": 0.5041, "2": 0.4797, "3": 0.44489999999999996, "4": 0.6127, "5": 0.5876}, "motion_blur": {"1": 0.12729999999999997, "2": 0.19199999999999995, "3": 0.28790000000000004, "4": 0.2943, "5": 0.38660000000000005}, "zoom_blur": {"1": 0.13170000000000004, "2": 0.1462, "3": 0.17820000000000003, "4": 0.21819999999999995, "5": 0.29269999999999996}}, "digital": {"contrast": {"1": 0.09560000000000002, "2": 0.14059999999999995, "3": 0.19120000000000004, "4": 0.28969999999999996, "5": 0.6256999999999999}, "elastic_transform": {"1": 0.132, "2": 0.13290000000000002, "3": 0.15880000000000005, "4": 0.25229999999999997, "5": 0.3427}, "jpeg_compression": {"1": 0.16949999999999998, "2": 0.22260000000000002, "3": 0.23719999999999997, "4": 0.2609, "5": 0.29190000000000005}, "pixelate": {"1": 0.10880000000000001, "2": 0.16010000000000002, "3": 0.21660000000000001, "4": 0.4354, "5": 0.673}}, "noise": {"gaussian_noise": {"1": 0.29479999999999995, "2": 0.5331, "3": 0.7110000000000001, "4": 0.7664, "5": 0.8034}, "impulse_noise": {"1": 0.23670000000000002, "2": 0.40369999999999995, "3": 0.5145, "4": 0.6638, "5": 0.7632}, "shot_noise": {"1": 0.1987, "2": 0.31310000000000004, "3": 0.5708, "4": 0.6502, "5": 0.749}}, "weather": {"brightness": {"1": 0.08330000000000004, "2": 0.08350000000000002, "3": 0.09330000000000005, "4": 0.1028, "5": 0.12490000000000001}, "fog": {"1": 0.0877, "2": 0.10640000000000005, "3": 0.1301, "4": 0.17559999999999998, "5": 0.33840000000000003}, "frost": {"1": 0.12549999999999994, "2": 0.17669999999999997, "3": 0.27370000000000005, "4": 0.2925, "5": 0.39970000000000006}, "snow": {"1": 0.13480000000000003, "2": 0.23370000000000002, "3": 0.20850000000000002, "4": 0.2308, "5": 0.27690000000000003}}}}