{"clean": 0.0655, "corruptions": {"blur": {"defocus_blur": {"1": 0.06799999999999995, "2": 0.0827, "3": 0.1129, "4": 0.18920000000000003, "5": 0.4394}, "glass_blur": {"1": 0.44999999999999996, "2": 0.42610000000000003, "3": 0.38770000000000004, "4": 0.5667, "5": 0.5339}, "motion_blur": {"1": 0.1068, "2": 0.1745, "3": 0.2693, "4": 0.2752, "5": 0.3648}, "zoom_blur": {"1": 0.11850000000000005, "2": 0.14170000000000005, "3": 0.19140000000000001, "4": 0.2501, "5": 0.34630000000000005}}, "digital": {"contrast": {"1": 0.07310000000000005, "2": 0.10850000000000004, "3": 0.14939999999999998, "4": 0.22460000000000002, "5": 0.5145}, "elastic_transform": {"1": 0.11570000000000003, "2": 0.1139, "3": 0.14800000000000002, "4": 0.23350000000000004, "5": 0.31579999999999997}, "jpeg_compression": {"1": 0.15239999999999998, "2": 0.20399999999999996, "3": 0.2239, "4": 0.2538, "5": 0.28879999999999995}, "pixelate": {"1": 0.08889999999999998, "2": 0.13290000000000002, "3": 0.18189999999999995, "4": 0.4044, "5": 0.6553}}, "noise": {"gaussian_noise": {"1": 0.3277, "2": 0.603, "3": 0.7732, "4": 0.8146, "5": 0.8435}, "impulse_noise": {"1": 0.25329999999999997, "2": 0.47150000000000003, "3": 0.596, "4": 0.7458, "5": 0.8175}, "shot_noise": {"1": 0.20450000000000002, "2": 0.3416, "3": 0.6351, "4": 0.7134, "5": 0.7982}}, "weather": {"brightness": {"1": 0.0675, "2": 0.07120000000000004, "3": 0.07709999999999995, "4": 0.08440000000000003, "5": 0.11170000000000002}, "fog": {"1": 0.07069999999999999, "2": 0.08120000000000005, "3": 0.09989999999999999, "4": 0.13439999999999996, "5": 0.2853}, "frost": {"1": 0.10160000000000002, "2": 0.14559999999999995, "3": 0.22650000000000003, "4": 0.24, "5": 0.3359}, "snow": {"1": 0.10740000000000005, "2": 0.18359999999999999, "3": 0.16349999999999998, "4": 0.18879999999999997, "5": 0.22919999999999996}}}}