{"clean": 0.07310000000000005, "corruptions": {"blur": {"defocus_blur": {"1": 0.07599999999999996, "2": 0.08750000000000002, "3": 0.11770000000000003, "4": 0.1864, "5": 0.4175}, "glass_blur": {"1": 0.43899999999999995, "2": 0.4131, "3": 0.37770000000000004, "4": 0.5552, "5": 0.5267999999999999}, "motion_blur": {"1": 0.11260000000000003, "2": 0.18230000000000002, "3": 0.28169999999999995, "4": 0.2891, "5": 0.3789}, "zoom_blur": {"1": 0.12350000000000005, "2": 0.14380000000000004, "3": 0.18589999999999995, "4": 0.24529999999999996, "5": 0.3247}}, "digital": {"contrast": {"1": 0.07909999999999995, "2": 0.11709999999999998, "3": 0.15580000000000005, "4": 0.2409, "5": 0.5376000000000001}, "elastic_transform": {"1": 0.12, "2": 0.12129999999999996, "3": 0.15139999999999998, "4": 0.24670000000000003, "5": 0.32189999999999996}, "jpeg_compression": {"1": 0.15359999999999996, "2": 0.19899999999999995, "3": 0.22350000000000003, "4": 0.24529999999999996, "5": 0.27969999999999995}, "pixelate": {"1": 0.09850000000000003, "2": 0.1483, "3": 0.19679999999999997, "4": 0.4153, "5": 0.6593}}, "noise": {"gaussian_noise": {"1": 0.28400000000000003, "2": 0.5277000000000001, "3": 0.7091000000000001, "4": 0.7653, "5": 0.8044}, "impulse_noise": {"1": 0.20350000000000001, "2": 0.3692, "3": 0.4951, "4": 0.6505000000000001, "5": 0.7557}, "shot_noise": {"1": 0.18610000000000004, "2": 0.30510000000000004, "3": 0.5684, "4": 0.6532, "5": 0.7504}}, "weather": {"brightness": {"1": 0.07399999999999995, "2": 0.07869999999999999, "3": 0.08409999999999995, "4": 0.09560000000000002, "5": 0.129}, "fog": {"1": 0.07420000000000004, "2": 0.08889999999999998, "3": 0.11019999999999996, "4": 0.14639999999999997, "5": 0.3134}, "frost": {"1": 0.11280000000000001, "2": 0.15980000000000005, "3": 0.24529999999999996, "4": 0.25839999999999996, "5": 0.3438}, "snow": {"1": 0.11460000000000004, "2": 0.19699999999999995, "3": 0.17869999999999997, "4": 0.21089999999999998, "5": 0.25849999999999995}}}}