{"clean": 0.07820000000000005, "corruptions": {"blur": {"defocus_blur": {"1": 0.08120000000000005, "2": 0.09540000000000004, "3": 0.13090000000000002, "4": 0.2096, "5": 0.46440000000000003}, "glass_blur": {"1": 0.4597, "2": 0.4383, "3": 0.4063, "4": 0.5718, "5": 0.5509}, "motion_blur": {"1": 0.12719999999999998, "2": 0.1975, "3": 0.2976, "4": 0.30469999999999997, "5": 0.39549999999999996}, "zoom_blur": {"1": 0.1371, "2": 0.1604, "3": 0.20989999999999998, "4": 0.2704, "5": 0.36639999999999995}}, "digital": {"contrast": {"1": 0.08599999999999997, "2": 0.11870000000000003, "3": 0.15169999999999995, "4": 0.2278, "5": 0.5046999999999999}, "elastic_transform": {"1": 0.1321, "2": 0.13439999999999996, "3": 0.16469999999999996, "4": 0.25449999999999995, "5": 0.34099999999999997}, "jpeg_compression": {"1": 0.16679999999999995, "2": 0.21950000000000003, "3": 0.23629999999999995, "4": 0.26680000000000004, "5": 0.3013}, "pixelate": {"1": 0.11180000000000001, "2": 0.17059999999999997, "3": 0.2207, "4": 0.4577, "5": 0.6727000000000001}}, "noise": {"gaussian_noise": {"1": 0.28600000000000003, "2": 0.5417000000000001, "3": 0.7377, "4": 0.7928999999999999, "5": 0.8275}, "impulse_noise": {"1": 0.21750000000000003, "2": 0.3872, "3": 0.5045999999999999, "4": 0.6568, "5": 0.7598}, "shot_noise": {"1": 0.18889999999999996, "2": 0.30920000000000003, "3": 0.5989, "4": 0.6839, "5": 0.7822}}, "weather": {"brightness": {"1": 0.08109999999999995, "2": 0.0867, "3": 0.0947, "4": 0.1059, "5": 0.1402}, "fog": {"1": 0.08140000000000003, "2": 0.09350000000000003, "3": 0.11150000000000004, "4": 0.15180000000000005, "5": 0.30610000000000004}, "frost": {"1": 0.12260000000000004, "2": 0.1763, "3": 0.2552, "4": 0.26859999999999995, "5": 0.35740000000000005}, "snow": {"1": 0.12380000000000002, "2": 0.21289999999999998, "3": 0.1885, "4": 0.22219999999999995, "5": 0.27270000000000005}}}}