{"clean": 0.07499999999999996, "corruptions": {"blur": {"defocus_blur": {"1": 0.0776, "2": 0.08899999999999997, "3": 0.126, "4": 0.20320000000000005, "5": 0.45109999999999995}, "glass_blur": {"1": 0.45120000000000005, "2": 0.42910000000000004, "3": 0.39359999999999995, "4": 0.5710999999999999, "5": 0.5408}, "motion_blur": {"1": 0.12050000000000005, "2": 0.19499999999999995, "3": 0.3042, "4": 0.3074, "5": 0.4095}, "zoom_blur": {"1": 0.13249999999999995, "2": 0.1572, "3": 0.20799999999999996, "4": 0.2659, "5": 0.36150000000000004}}, "digital": {"contrast": {"1": 0.08379999999999999, "2": 0.13219999999999998, "3": 0.1885, "4": 0.28400000000000003, "5": 0.6042000000000001}, "elastic_transform": {"1": 0.13019999999999998, "2": 0.12839999999999996, "3": 0.16349999999999998, "4": 0.25649999999999995, "5": 0.33830000000000005}, "jpeg_compression": {"1": 0.15290000000000004, "2": 0.20120000000000005, "3": 0.22440000000000004, "4": 0.24850000000000005, "5": 0.28469999999999995}, "pixelate": {"1": 0.09870000000000001, "2": 0.14900000000000002, "3": 0.20009999999999994, "4": 0.4293, "5": 0.6789000000000001}}, "noise": {"gaussian_noise": {"1": 0.2962, "2": 0.5372, "3": 0.698, "4": 0.7469, "5": 0.7786}, "impulse_noise": {"1": 0.24929999999999997, "2": 0.44120000000000004, "3": 0.5550999999999999, "4": 0.7007, "5": 0.7934}, "shot_noise": {"1": 0.19269999999999998, "2": 0.30800000000000005, "3": 0.55, "4": 0.6182000000000001, "5": 0.7121}}, "weather": {"brightness": {"1": 0.07499999999999996, "2": 0.07879999999999998, "3": 0.0837, "4": 0.09260000000000002, "5": 0.12339999999999995}, "fog": {"1": 0.0786, "2": 0.09650000000000003, "3": 0.12090000000000001, "4": 0.15880000000000005, "5": 0.3266}, "frost": {"1": 0.11699999999999999, "2": 0.16990000000000005, "3": 0.2723, "4": 0.29179999999999995, "5": 0.3972}, "snow": {"1": 0.11819999999999997, "2": 0.2127, "3": 0.18979999999999997, "4": 0.21719999999999995, "5": 0.2781}}}}