{"clean": 0.0797, "corruptions": {"blur": {"defocus_blur": {"1": 0.08250000000000002, "2": 0.09599999999999997, "3": 0.13190000000000002, "4": 0.19830000000000003, "5": 0.38349999999999995}, "glass_blur": {"1": 0.47550000000000003, "2": 0.45089999999999997, "3": 0.41069999999999995, "4": 0.587, "5": 0.5583}, "motion_blur": {"1": 0.12960000000000005, "2": 0.19579999999999997, "3": 0.2945, "4": 0.2953, "5": 0.3892}, "zoom_blur": {"1": 0.13870000000000005, "2": 0.15790000000000004, "3": 0.19910000000000005, "4": 0.24439999999999995, "5": 0.3173}}, "digital": {"contrast": {"1": 0.09260000000000002, "2": 0.1341, "3": 0.1814, "4": 0.28269999999999995, "5": 0.6213}, "elastic_transform": {"1": 0.13449999999999995, "2": 0.136, "3": 0.16910000000000003, "4": 0.26680000000000004, "5": 0.3506}, "jpeg_compression": {"1": 0.16269999999999996, "2": 0.21830000000000005, "3": 0.23460000000000003, "4": 0.26180000000000003, "5": 0.2963}, "pixelate": {"1": 0.1059, "2": 0.15810000000000002, "3": 0.2126, "4": 0.42589999999999995, "5": 0.6699999999999999}}, "noise": {"gaussian_noise": {"1": 0.27659999999999996, "2": 0.5133, "3": 0.7041, "4": 0.7612, "5": 0.7999}, "impulse_noise": {"1": 0.24360000000000004, "2": 0.4216, "3": 0.5345, "4": 0.6784, "5": 0.7713}, "shot_noise": {"1": 0.1825, "2": 0.2921, "3": 0.5582, "4": 0.6422, "5": 0.7464}}, "weather": {"brightness": {"1": 0.08079999999999998, "2": 0.08299999999999996, "3": 0.09219999999999995, "4": 0.10070000000000001, "5": 0.1251}, "fog": {"1": 0.08460000000000001, "2": 0.10199999999999998, "3": 0.12360000000000004, "4": 0.17020000000000002, "5": 0.3205}, "frost": {"1": 0.1159, "2": 0.16890000000000005, "3": 0.2549, "4": 0.2721, "5": 0.374}, "snow": {"1": 0.12919999999999998, "2": 0.21960000000000002, "3": 0.20109999999999995, "4": 0.2227, "5": 0.2661}}}}