{"clean": 0.11619999999999997, "corruptions": {"blur": {"defocus_blur": {"1": 0.11539999999999995, "2": 0.13680000000000003, "3": 0.18110000000000004, "4": 0.2793, "5": 0.5615}, "glass_blur": {"1": 0.44920000000000004, "2": 0.4324, "3": 0.40169999999999995, "4": 0.5429999999999999, "5": 0.5056}, "motion_blur": {"1": 0.16210000000000002, "2": 0.24180000000000001, "3": 0.35019999999999996, "4": 0.35240000000000005, "5": 0.4505}, "zoom_blur": {"1": 0.18589999999999995, "2": 0.2148, "3": 0.2723, "4": 0.33830000000000005, "5": 0.4474}}, "digital": {"contrast": {"1": 0.122, "2": 0.15269999999999995, "3": 0.18479999999999996, "4": 0.26239999999999997, "5": 0.5716}, "elastic_transform": {"1": 0.18259999999999998, "2": 0.18369999999999997, "3": 0.22160000000000002, "4": 0.3052, "5": 0.3702}, "jpeg_compression": {"1": 0.23560000000000003, "2": 0.31010000000000004, "3": 0.34299999999999997, "4": 0.3799, "5": 0.4226}, "pixelate": {"1": 0.19589999999999996, "2": 0.30879999999999996, "3": 0.395, "4": 0.6058, "5": 0.8006}}, "noise": {"gaussian_noise": {"1": 0.43200000000000005, "2": 0.7201, "3": 0.8449, "4": 0.8725, "5": 0.886}, "impulse_noise": {"1": 0.34509999999999996, "2": 0.5535, "3": 0.6509, "4": 0.7344999999999999, "5": 0.7903}, "shot_noise": {"1": 0.27759999999999996, "2": 0.45589999999999997, "3": 0.7507, "4": 0.8082, "5": 0.8638}}, "weather": {"brightness": {"1": 0.11639999999999995, "2": 0.12, "3": 0.12880000000000003, "4": 0.14, "5": 0.17710000000000004}, "fog": {"1": 0.11880000000000002, "2": 0.13429999999999997, "3": 0.1543, "4": 0.19720000000000004, "5": 0.3641}, "frost": {"1": 0.16249999999999998, "2": 0.21050000000000002, "3": 0.2824, "4": 0.29169999999999996, "5": 0.37860000000000005}, "snow": {"1": 0.17479999999999996, "2": 0.26339999999999997, "3": 0.2538, "4": 0.2744, "5": 0.3145}}}}