{"clean": 0.07589999999999997, "corruptions": {"blur": {"defocus_blur": {"1": 0.07669999999999999, "2": 0.08889999999999998, "3": 0.12490000000000001, "4": 0.20299999999999996, "5": 0.4495}, "glass_blur": {"1": 0.4585, "2": 0.4365, "3": 0.40269999999999995, "4": 0.5756, "5": 0.5474}, "motion_blur": {"1": 0.12209999999999999, "2": 0.1985, "3": 0.3063, "4": 0.31299999999999994, "5": 0.41200000000000003}, "zoom_blur": {"1": 0.13490000000000002, "2": 0.15669999999999995, "3": 0.20650000000000002, "4": 0.26749999999999996, "5": 0.3589}}, "digital": {"contrast": {"1": 0.08560000000000001, "2": 0.13529999999999998, "3": 0.18920000000000003, "4": 0.28890000000000005, "5": 0.6107}, "elastic_transform": {"1": 0.13019999999999998, "2": 0.12860000000000005, "3": 0.16269999999999996, "4": 0.25749999999999995, "5": 0.34199999999999997}, "jpeg_compression": {"1": 0.15680000000000005, "2": 0.20220000000000005, "3": 0.22330000000000005, "4": 0.2489, "5": 0.28480000000000005}, "pixelate": {"1": 0.09840000000000004, "2": 0.14670000000000005, "3": 0.19340000000000002, "4": 0.41359999999999997, "5": 0.6691}}, "noise": {"gaussian_noise": {"1": 0.3074, "2": 0.5447, "3": 0.6991, "4": 0.7474000000000001, "5": 0.7797000000000001}, "impulse_noise": {"1": 0.2519, "2": 0.44620000000000004, "3": 0.5577, "4": 0.708, "5": 0.8001}, "shot_noise": {"1": 0.19810000000000005, "2": 0.31710000000000005, "3": 0.5539000000000001, "4": 0.6229, "5": 0.7141}}, "weather": {"brightness": {"1": 0.07469999999999999, "2": 0.07840000000000003, "3": 0.08550000000000002, "4": 0.09409999999999996, "5": 0.12180000000000002}, "fog": {"1": 0.0786, "2": 0.0968, "3": 0.123, "4": 0.16269999999999996, "5": 0.34199999999999997}, "frost": {"1": 0.11729999999999996, "2": 0.17310000000000003, "3": 0.275, "4": 0.2946, "5": 0.40259999999999996}, "snow": {"1": 0.12029999999999996, "2": 0.21850000000000003, "3": 0.19010000000000005, "4": 0.2208, "5": 0.2832}}}}