{"clean": 0.06769999999999998, "corruptions": {"blur": {"defocus_blur": {"1": 0.06899999999999995, "2": 0.08230000000000004, "3": 0.11019999999999996, "4": 0.18230000000000002, "5": 0.4225}, "glass_blur": {"1": 0.43899999999999995, "2": 0.4162, "3": 0.3791, "4": 0.5529, "5": 0.5272}, "motion_blur": {"1": 0.10829999999999995, "2": 0.17479999999999996, "3": 0.27259999999999995, "4": 0.2814, "5": 0.3739}, "zoom_blur": {"1": 0.12, "2": 0.13759999999999994, "3": 0.18779999999999997, "4": 0.24270000000000003, "5": 0.33520000000000005}}, "digital": {"contrast": {"1": 0.07720000000000005, "2": 0.11129999999999995, "3": 0.15049999999999997, "4": 0.22819999999999996, "5": 0.5178}, "elastic_transform": {"1": 0.11650000000000005, "2": 0.11599999999999999, "3": 0.14380000000000004, "4": 0.23199999999999998, "5": 0.31599999999999995}, "jpeg_compression": {"1": 0.15859999999999996, "2": 0.2036, "3": 0.2238, "4": 0.2502, "5": 0.28590000000000004}, "pixelate": {"1": 0.09109999999999996, "2": 0.1362, "3": 0.18400000000000005, "4": 0.4053, "5": 0.6568}}, "noise": {"gaussian_noise": {"1": 0.3388, "2": 0.6053999999999999, "3": 0.7658, "4": 0.8089999999999999, "5": 0.839}, "impulse_noise": {"1": 0.2673, "2": 0.4867, "3": 0.602, "4": 0.7373000000000001, "5": 0.8168}, "shot_noise": {"1": 0.21499999999999997, "2": 0.35309999999999997, "3": 0.6385000000000001, "4": 0.7131000000000001, "5": 0.7948999999999999}}, "weather": {"brightness": {"1": 0.07110000000000005, "2": 0.07430000000000003, "3": 0.08009999999999995, "4": 0.0887, "5": 0.11750000000000005}, "fog": {"1": 0.07220000000000004, "2": 0.08230000000000004, "3": 0.10409999999999997, "4": 0.13870000000000005, "5": 0.3062}, "frost": {"1": 0.10570000000000002, "2": 0.1521, "3": 0.23509999999999998, "4": 0.2479, "5": 0.34519999999999995}, "snow": {"1": 0.10950000000000004, "2": 0.19010000000000005, "3": 0.16790000000000005, "4": 0.1926, "5": 0.23809999999999998}}}}