{"clean": 0.06979999999999997, "corruptions": {"blur": {"defocus_blur": {"1": 0.07099999999999995, "2": 0.08589999999999998, "3": 0.11919999999999997, "4": 0.1936, "5": 0.4476}, "glass_blur": {"1": 0.4312, "2": 0.40769999999999995, "3": 0.37549999999999994, "4": 0.5456, "5": 0.5164}, "motion_blur": {"1": 0.11219999999999997, "2": 0.18169999999999997, "3": 0.2815, "4": 0.2913, "5": 0.38239999999999996}, "zoom_blur": {"1": 0.12339999999999995, "2": 0.14600000000000002, "3": 0.19340000000000002, "4": 0.2551, "5": 0.358}}, "digital": {"contrast": {"1": 0.07820000000000005, "2": 0.11680000000000001, "3": 0.15539999999999998, "4": 0.24019999999999997, "5": 0.5481}, "elastic_transform": {"1": 0.12119999999999997, "2": 0.12170000000000003, "3": 0.15439999999999998, "4": 0.24450000000000005, "5": 0.3225}, "jpeg_compression": {"1": 0.15610000000000002, "2": 0.21009999999999995, "3": 0.22870000000000001, "4": 0.2569, "5": 0.29969999999999997}, "pixelate": {"1": 0.09589999999999999, "2": 0.14759999999999995, "3": 0.19920000000000004, "4": 0.4264, "5": 0.6567000000000001}}, "noise": {"gaussian_noise": {"1": 0.32289999999999996, "2": 0.6053, "3": 0.7737, "4": 0.8167, "5": 0.8461}, "impulse_noise": {"1": 0.2573, "2": 0.46699999999999997, "3": 0.5883, "4": 0.718, "5": 0.8016}, "shot_noise": {"1": 0.20640000000000003, "2": 0.3459, "3": 0.6446000000000001, "4": 0.7186, "5": 0.8036}}, "weather": {"brightness": {"1": 0.07150000000000001, "2": 0.07540000000000002, "3": 0.0826, "4": 0.09350000000000003, "5": 0.12409999999999999}, "fog": {"1": 0.07299999999999995, "2": 0.08460000000000001, "3": 0.10550000000000004, "4": 0.14439999999999997, "5": 0.31120000000000003}, "frost": {"1": 0.10550000000000004, "2": 0.15559999999999996, "3": 0.23229999999999995, "4": 0.24780000000000002, "5": 0.3379}, "snow": {"1": 0.11339999999999995, "2": 0.18610000000000004, "3": 0.1704, "4": 0.19669999999999999, "5": 0.23960000000000004}}}}