{"clean": 0.11580000000000001, "corruptions": {"blur": {"defocus_blur": {"1": 0.11580000000000001, "2": 0.13890000000000002, "3": 0.18669999999999998, "4": 0.2883, "5": 0.5811999999999999}, "glass_blur": {"1": 0.44299999999999995, "2": 0.4272, "3": 0.3981, "4": 0.5368999999999999, "5": 0.49760000000000004}, "motion_blur": {"1": 0.16200000000000003, "2": 0.24260000000000004, "3": 0.3477, "4": 0.35319999999999996, "5": 0.4506}, "zoom_blur": {"1": 0.18710000000000004, "2": 0.21840000000000004, "3": 0.27990000000000004, "4": 0.34930000000000005, "5": 0.4595}}, "digital": {"contrast": {"1": 0.12119999999999997, "2": 0.15339999999999998, "3": 0.18879999999999997, "4": 0.2663, "5": 0.5785}, "elastic_transform": {"1": 0.18520000000000003, "2": 0.18600000000000005, "3": 0.22340000000000004, "4": 0.30910000000000004, "5": 0.3698}, "jpeg_compression": {"1": 0.23719999999999997, "2": 0.3146, "3": 0.3456, "4": 0.3819, "5": 0.42510000000000003}, "pixelate": {"1": 0.1966, "2": 0.30820000000000003, "3": 0.39139999999999997, "4": 0.6058, "5": 0.7989999999999999}}, "noise": {"gaussian_noise": {"1": 0.4236, "2": 0.7167, "3": 0.844, "4": 0.8732, "5": 0.8859}, "impulse_noise": {"1": 0.3409, "2": 0.5521, "3": 0.651, "4": 0.734, "5": 0.7906}, "shot_noise": {"1": 0.27080000000000004, "2": 0.4465, "3": 0.7464, "4": 0.8068, "5": 0.8633}}, "weather": {"brightness": {"1": 0.11619999999999997, "2": 0.1189, "3": 0.13170000000000004, "4": 0.14129999999999998, "5": 0.18130000000000002}, "fog": {"1": 0.119, "2": 0.134, "3": 0.15400000000000003, "4": 0.19479999999999997, "5": 0.3559}, "frost": {"1": 0.16379999999999995, "2": 0.21120000000000005, "3": 0.2811, "4": 0.2932, "5": 0.3761}, "snow": {"1": 0.17400000000000004, "2": 0.2631, "3": 0.2538, "4": 0.27580000000000005, "5": 0.3188}}}}