{"clean": 0.07330000000000003, "corruptions": {"blur": {"defocus_blur": {"1": 0.07440000000000002, "2": 0.08750000000000002, "3": 0.11550000000000005, "4": 0.1866, "5": 0.4135}, "glass_blur": {"1": 0.4415, "2": 0.41269999999999996, "3": 0.3762, "4": 0.554, "5": 0.5267999999999999}, "motion_blur": {"1": 0.11319999999999997, "2": 0.18000000000000005, "3": 0.28180000000000005, "4": 0.2895, "5": 0.3781}, "zoom_blur": {"1": 0.12339999999999995, "2": 0.14190000000000003, "3": 0.18420000000000003, "4": 0.241, "5": 0.3225}}, "digital": {"contrast": {"1": 0.07950000000000002, "2": 0.11729999999999996, "3": 0.1573, "4": 0.24039999999999995, "5": 0.5369999999999999}, "elastic_transform": {"1": 0.12060000000000004, "2": 0.12029999999999996, "3": 0.14990000000000003, "4": 0.24650000000000005, "5": 0.32110000000000005}, "jpeg_compression": {"1": 0.15390000000000004, "2": 0.1977, "3": 0.22299999999999998, "4": 0.24450000000000005, "5": 0.27849999999999997}, "pixelate": {"1": 0.10029999999999994, "2": 0.14870000000000005, "3": 0.19520000000000004, "4": 0.4144, "5": 0.6597}}, "noise": {"gaussian_noise": {"1": 0.2834, "2": 0.5284, "3": 0.7097, "4": 0.7653, "5": 0.8046}, "impulse_noise": {"1": 0.20309999999999995, "2": 0.368, "3": 0.492, "4": 0.651, "5": 0.7581}, "shot_noise": {"1": 0.18610000000000004, "2": 0.3063, "3": 0.569, "4": 0.6533, "5": 0.7503}}, "weather": {"brightness": {"1": 0.07489999999999997, "2": 0.07820000000000005, "3": 0.08420000000000005, "4": 0.09599999999999997, "5": 0.12780000000000002}, "fog": {"1": 0.07320000000000004, "2": 0.08850000000000002, "3": 0.10829999999999995, "4": 0.14759999999999995, "5": 0.3147}, "frost": {"1": 0.11399999999999999, "2": 0.1602, "3": 0.24509999999999998, "4": 0.2571, "5": 0.3436}, "snow": {"1": 0.11370000000000002, "2": 0.1955, "3": 0.17879999999999996, "4": 0.20989999999999998, "5": 0.2591}}}}