{"clean": 0.06740000000000002, "corruptions": {"blur": {"defocus_blur": {"1": 0.06930000000000003, "2": 0.08430000000000004, "3": 0.1139, "4": 0.18100000000000005, "5": 0.4255}, "glass_blur": {"1": 0.4232, "2": 0.3992, "3": 0.36419999999999997, "4": 0.5368999999999999, "5": 0.5112}, "motion_blur": {"1": 0.10629999999999995, "2": 0.1754, "3": 0.26880000000000004, "4": 0.2774, "5": 0.36839999999999995}, "zoom_blur": {"1": 0.11950000000000005, "2": 0.13780000000000003, "3": 0.18669999999999998, "4": 0.24370000000000003, "5": 0.3346}}, "digital": {"contrast": {"1": 0.07569999999999999, "2": 0.11099999999999999, "3": 0.14970000000000006, "4": 0.22729999999999995, "5": 0.5147999999999999}, "elastic_transform": {"1": 0.11529999999999996, "2": 0.11709999999999998, "3": 0.1452, "4": 0.23360000000000003, "5": 0.31420000000000003}, "jpeg_compression": {"1": 0.1533, "2": 0.20230000000000004, "3": 0.22299999999999998, "4": 0.2508, "5": 0.2874}, "pixelate": {"1": 0.09219999999999995, "2": 0.14080000000000004, "3": 0.19479999999999997, "4": 0.4204, "5": 0.661}}, "noise": {"gaussian_noise": {"1": 0.3224, "2": 0.597, "3": 0.7663, "4": 0.8103, "5": 0.84}, "impulse_noise": {"1": 0.26580000000000004, "2": 0.48540000000000005, "3": 0.6012, "4": 0.7299, "5": 0.8118}, "shot_noise": {"1": 0.20540000000000003, "2": 0.3416, "3": 0.6315, "4": 0.7091000000000001, "5": 0.7953}}, "weather": {"brightness": {"1": 0.06940000000000002, "2": 0.07320000000000004, "3": 0.08030000000000004, "4": 0.08979999999999999, "5": 0.119}, "fog": {"1": 0.07230000000000003, "2": 0.08240000000000003, "3": 0.10140000000000005, "4": 0.13759999999999994, "5": 0.30069999999999997}, "frost": {"1": 0.10399999999999998, "2": 0.14859999999999995, "3": 0.22919999999999996, "4": 0.24229999999999996, "5": 0.33220000000000005}, "snow": {"1": 0.10729999999999995, "2": 0.18359999999999999, "3": 0.16579999999999995, "4": 0.1915, "5": 0.23329999999999995}}}}