{"clean": 0.06540000000000001, "corruptions": {"blur": {"defocus_blur": {"1": 0.0695, "2": 0.08289999999999997, "3": 0.1149, "4": 0.18789999999999996, "5": 0.4403}, "glass_blur": {"1": 0.45009999999999994, "2": 0.42800000000000005, "3": 0.3862, "4": 0.5675, "5": 0.5339}, "motion_blur": {"1": 0.10670000000000002, "2": 0.17620000000000002, "3": 0.26859999999999995, "4": 0.2753, "5": 0.36629999999999996}, "zoom_blur": {"1": 0.11939999999999995, "2": 0.14349999999999996, "3": 0.19389999999999996, "4": 0.25229999999999997, "5": 0.34519999999999995}}, "digital": {"contrast": {"1": 0.07250000000000001, "2": 0.10919999999999996, "3": 0.14800000000000002, "4": 0.22330000000000005, "5": 0.5158}, "elastic_transform": {"1": 0.11580000000000001, "2": 0.11460000000000004, "3": 0.1462, "4": 0.23240000000000005, "5": 0.3163}, "jpeg_compression": {"1": 0.15300000000000002, "2": 0.20479999999999998, "3": 0.22299999999999998, "4": 0.25229999999999997, "5": 0.2872}, "pixelate": {"1": 0.08879999999999999, "2": 0.13429999999999997, "3": 0.18110000000000004, "4": 0.40280000000000005, "5": 0.6557}}, "noise": {"gaussian_noise": {"1": 0.32499999999999996, "2": 0.6033, "3": 0.7725, "4": 0.8146, "5": 0.8426}, "impulse_noise": {"1": 0.251, "2": 0.4686, "3": 0.5941000000000001, "4": 0.744, "5": 0.8175}, "shot_noise": {"1": 0.20340000000000003, "2": 0.34140000000000004, "3": 0.6347, "4": 0.7130000000000001, "5": 0.7987}}, "weather": {"brightness": {"1": 0.0675, "2": 0.07250000000000001, "3": 0.07620000000000005, "4": 0.08530000000000004, "5": 0.11299999999999999}, "fog": {"1": 0.06930000000000003, "2": 0.0826, "3": 0.10119999999999996, "4": 0.13529999999999998, "5": 0.2853}, "frost": {"1": 0.10109999999999997, "2": 0.14459999999999995, "3": 0.22609999999999997, "4": 0.23970000000000002, "5": 0.3347}, "snow": {"1": 0.1059, "2": 0.1804, "3": 0.16549999999999998, "4": 0.19110000000000005, "5": 0.2298}}}}