{"clean": 0.07809999999999995, "corruptions": {"blur": {"defocus_blur": {"1": 0.08140000000000003, "2": 0.09499999999999997, "3": 0.13290000000000002, "4": 0.20850000000000002, "5": 0.46630000000000005}, "glass_blur": {"1": 0.45830000000000004, "2": 0.4387, "3": 0.4053, "4": 0.5709, "5": 0.55}, "motion_blur": {"1": 0.1271, "2": 0.19910000000000005, "3": 0.29910000000000003, "4": 0.30489999999999995, "5": 0.3974}, "zoom_blur": {"1": 0.13829999999999998, "2": 0.1603, "3": 0.2106, "4": 0.27149999999999996, "5": 0.36929999999999996}}, "digital": {"contrast": {"1": 0.08550000000000002, "2": 0.12180000000000002, "3": 0.1523, "4": 0.23060000000000003, "5": 0.5034000000000001}, "elastic_transform": {"1": 0.13160000000000005, "2": 0.1341, "3": 0.1643, "4": 0.25649999999999995, "5": 0.34240000000000004}, "jpeg_compression": {"1": 0.16620000000000001, "2": 0.2177, "3": 0.24009999999999998, "4": 0.26870000000000005, "5": 0.3034}, "pixelate": {"1": 0.11229999999999996, "2": 0.1703, "3": 0.22260000000000002, "4": 0.45799999999999996, "5": 0.6737}}, "noise": {"gaussian_noise": {"1": 0.28600000000000003, "2": 0.5435, "3": 0.7379, "4": 0.7926, "5": 0.8261000000000001}, "impulse_noise": {"1": 0.21689999999999998, "2": 0.38759999999999994, "3": 0.5049, "4": 0.6577999999999999, "5": 0.7626}, "shot_noise": {"1": 0.18899999999999995, "2": 0.30920000000000003, "3": 0.5981000000000001, "4": 0.6825, "5": 0.7821}}, "weather": {"brightness": {"1": 0.08140000000000003, "2": 0.08689999999999998, "3": 0.09450000000000003, "4": 0.10670000000000002, "5": 0.14}, "fog": {"1": 0.08040000000000003, "2": 0.09399999999999997, "3": 0.11029999999999995, "4": 0.1513, "5": 0.3064}, "frost": {"1": 0.12239999999999995, "2": 0.1773, "3": 0.2558, "4": 0.26839999999999997, "5": 0.3571}, "snow": {"1": 0.12319999999999998, "2": 0.21530000000000005, "3": 0.19010000000000005, "4": 0.2239, "5": 0.2733}}}}