,loss,accuracy,val_loss,val_accuracy
0,0.8759866952896118,0.7375800013542175,1.4387474060058594,0.61080002784729
1,0.43778231739997864,0.8712999820709229,1.1397141218185425,0.6802999973297119
2,0.3803221583366394,0.890720009803772,1.0313557386398315,0.7092999815940857
3,0.3575086295604706,0.898639976978302,1.2632182836532593,0.6557999849319458
4,0.32964465022087097,0.9095399975776672,1.4258975982666016,0.6248000264167786
5,0.31189659237861633,0.9143199920654297,1.2183462381362915,0.6694999933242798
6,0.2936038374900818,0.9211199879646301,1.0520340204238892,0.7099999785423279
7,0.27473172545433044,0.9283999800682068,1.0813668966293335,0.7020000219345093
